com.samsung.shealth.stand_day_summary,6211031,1
stand_time,update_time,create_time,deviceuuid,pkg_name,datauuid,day_time
6031360,2022-02-25 03:00:55.221,2022-02-24 13:21:46.025,j9zBUHWfhn,com.sec.android.app.shealth,096c2b34-47c4-1375-43e1-47e1196878a6,1645660800000,
4489216,2022-03-02 13:45:11.293,2022-03-02 05:00:04.090,j9zBUHWfhn,com.sec.android.app.shealth,dcd0f7f9-8711-4f9a-f222-d273c6e6f610,1646179200000,
1048576,2022-03-08 13:57:36.318,2022-03-08 01:42:14.346,j9zBUHWfhn,com.sec.android.app.shealth,c6e09778-fe8f-fe5e-dbdb-d495dae4e052,1646697600000,
1122304,2022-03-14 13:32:18.288,2022-03-14 00:52:12.145,j9zBUHWfhn,com.sec.android.app.shealth,0e975092-7067-9eb5-0793-0c7ca5753bd5,1647216000000,
823296,2022-03-20 23:56:55.274,2022-03-20 10:21:09.157,j9zBUHWfhn,com.sec.android.app.shealth,e44c06af-f67a-54f7-7227-fb76a2b107c1,1647734400000,
2048,2022-03-26 15:54:22.261,2022-03-26 12:15:14.690,j9zBUHWfhn,com.sec.android.app.shealth,23e7c45a-bb7d-3f4e-2050-af8e674f515c,1648252800000,
1064960,2021-10-11 18:22:51.285,2021-10-11 07:05:30.331,j9zBUHWfhn,com.sec.android.app.shealth,dfeb75eb-8ec9-229a-0999-a0abe6478de0,1633910400000,
1590272,2020-12-09 01:29:39.288,2020-12-08 13:13:04.896,j9zBUHWfhn,com.sec.android.app.shealth,62be2b5f-f684-3be2-b40c-2c785d90bc6b,1607385600000,
2906112,2021-12-02 02:12:53.242,2021-12-01 13:00:07.909,j9zBUHWfhn,com.sec.android.app.shealth,0dec9a0b-333a-2e79-f1d6-6b6ac28b2fd1,1638316800000,
6951936,2021-11-02 02:21:33.515,2021-11-01 12:05:43.186,j9zBUHWfhn,com.sec.android.app.shealth,2c35b357-7ed5-4bdc-d11e-b7d28f1a19ad,1635724800000,
1261568,2021-10-13 18:12:22.245,2021-10-13 06:39:15.562,j9zBUHWfhn,com.sec.android.app.shealth,a4231b1e-4301-87ee-b6cd-00508609890c,1634083200000,
2170880,2020-12-29 02:11:31.243,2020-12-28 14:11:35.325,j9zBUHWfhn,com.sec.android.app.shealth,b06bdb43-c091-cd52-1cdc-d1b339e91c02,1609113600000,
5701632,2022-01-18 03:23:41.233,2022-01-17 14:33:35.313,j9zBUHWfhn,com.sec.android.app.shealth,8dce50a1-2515-0c7b-8f45-44d0d2229222,1642377600000,
8817664,2021-05-08 03:31:49.232,2021-05-07 12:34:24.253,j9zBUHWfhn,com.sec.android.app.shealth,39914784-65aa-2f58-d89b-0f1e4b165ca2,1620345600000,
1381376,2021-02-09 01:05:25.220,2021-02-08 13:35:00.891,j9zBUHWfhn,com.sec.android.app.shealth,e3a415ce-72a1-7fc9-400d-e848453cf62b,1612742400000,
8978432,2020-12-14 04:00:42.302,2020-12-13 14:03:01.038,j9zBUHWfhn,com.sec.android.app.shealth,314521d4-6045-5b28-0626-37fc51a510c9,1607817600000,
431104,2021-02-15 23:37:16.262,2021-02-15 14:13:36.052,j9zBUHWfhn,com.sec.android.app.shealth,e543aaa2-6319-c527-5e14-149179355d61,1613347200000,
629248,2021-12-01 00:25:29.247,2021-11-30 13:37:52.711,j9zBUHWfhn,com.sec.android.app.shealth,786fb35b-06fa-0e88-519e-8532d4beae54,1638230400000,
8554496,2021-07-17 03:07:29.229,2021-07-16 12:08:55.554,j9zBUHWfhn,com.sec.android.app.shealth,221b73d4-8b65-bae3-1394-29d38c451725,1626393600000,
100352,2021-09-01 20:20:23.703,2021-09-01 12:37:33.220,j9zBUHWfhn,com.sec.android.app.shealth,d4c50bed-79b0-52df-134a-8407208bf1d1,1630454400000,
4261888,2022-01-27 03:30:33.235,2022-01-26 13:09:16.686,j9zBUHWfhn,com.sec.android.app.shealth,f34ac69b-177e-b6f3-2fd5-c0209c278e12,1643155200000,
2443264,2021-02-04 02:11:46.259,2021-02-03 13:10:49.957,j9zBUHWfhn,com.sec.android.app.shealth,11990225-7388-44bf-7277-6db1128ae700,1612310400000,
4875264,2021-06-14 02:47:11.194,2021-06-13 12:54:18.261,j9zBUHWfhn,com.sec.android.app.shealth,c7c47733-fb37-5fef-f424-0ea979ffc04e,1623542400000,
2467842,2021-03-08 02:04:17.236,2021-03-07 05:00:05.446,j9zBUHWfhn,com.sec.android.app.shealth,1ba32e8a-7a3c-d6c8-8f2c-1c3e1cfca568,1615075200000,
87040,2022-01-18 21:53:56.658,2022-01-18 12:46:37.408,j9zBUHWfhn,com.sec.android.app.shealth,ecf9219b-93a3-9eb3-a6d2-c065cffb39ef,1642464000000,
5252096,2021-09-07 02:01:22.272,2021-09-06 13:15:44.679,j9zBUHWfhn,com.sec.android.app.shealth,eea49fb1-0780-c8b3-fa33-6d4359d0931a,1630886400000,
1742080,2021-10-23 00:23:44.309,2021-10-22 11:14:56.988,j9zBUHWfhn,com.sec.android.app.shealth,f4af4e3d-1d8f-5ad8-308d-67c4cb0633a6,1634860800000,
2097152,2021-07-06 01:11:00.232,2021-07-05 15:39:02.994,j9zBUHWfhn,com.sec.android.app.shealth,41d4f373-8c62-d98a-b755-dd846919fa02,1625443200000,
2248704,2021-10-01 01:21:27.532,2021-09-30 12:26:31.464,j9zBUHWfhn,com.sec.android.app.shealth,e4d698a5-ce5a-7a67-9fbd-b21cfb704610,1632960000000,
16384,2021-06-19 18:13:49.215,2021-06-19 12:04:46.602,j9zBUHWfhn,com.sec.android.app.shealth,d89aa381-f648-7fb3-d5b6-128283c08ab2,1624060800000,
282624,2021-07-27 22:08:42.307,2021-07-27 12:37:34.198,j9zBUHWfhn,com.sec.android.app.shealth,6150e15e-0f94-5f0b-2f55-bfca8e7b4d2b,1627344000000,
131072,2020-11-08 22:50:08.211,2020-11-08 05:00:09.423,j9zBUHWfhn,com.sec.android.app.shealth,302f21a1-02f9-f8ee-0237-4a71d6302ccf,1604793600000,
4456448,2021-12-20 03:53:05.256,2021-12-19 13:42:25.279,j9zBUHWfhn,com.sec.android.app.shealth,fa3a4aca-98c4-4556-2eb8-66367f3472c1,1639872000000,
0,2021-02-27 14:46:40.334,2021-02-27 14:46:40.333,j9zBUHWfhn,com.sec.android.app.shealth,721b89f6-72ee-5288-38bb-d85eedc80f5d,1614384000000,
1122304,2022-01-17 01:37:12.246,2022-01-16 14:33:33.535,j9zBUHWfhn,com.sec.android.app.shealth,f7aecefe-491f-8cef-df5d-033ad5b5c922,1642291200000,
4490240,2021-05-29 02:06:43.231,2021-05-28 12:25:53.242,j9zBUHWfhn,com.sec.android.app.shealth,e2772711-e909-5684-eacb-22a026ea4c27,1622160000000,
3145728,2021-09-11 01:42:27.231,2021-09-10 21:27:58.261,j9zBUHWfhn,com.sec.android.app.shealth,822ba0f1-b34f-1eb4-a378-c212a05f2dee,1631232000000,
2367488,2020-12-07 02:37:39.525,2020-12-06 17:01:42.205,j9zBUHWfhn,com.sec.android.app.shealth,308a45a4-92da-aede-cf67-464093e7e177,1607212800000,
165888,2021-01-07 22:05:10.256,2021-01-07 12:42:27.133,j9zBUHWfhn,com.sec.android.app.shealth,8ffba2b2-18c0-31cb-bc4d-83d05530dea1,1609977600000,
9046016,2021-04-12 03:17:06.249,2021-04-11 13:23:23.440,j9zBUHWfhn,com.sec.android.app.shealth,fc7eb370-8a77-c117-e605-7397678fa39d,1618099200000,
5327872,2021-01-23 03:36:26.234,2021-01-22 13:32:34.229,j9zBUHWfhn,com.sec.android.app.shealth,d1eccf75-309b-e986-aeeb-a7ea8c7dff06,1611273600000,
4755456,2021-01-26 03:21:12.234,2021-01-25 13:33:43.368,j9zBUHWfhn,com.sec.android.app.shealth,14d9d628-ff67-0022-911d-62e7770f47a9,1611532800000,
0,2021-02-11 13:18:44.858,2021-02-11 13:18:44.854,j9zBUHWfhn,com.sec.android.app.shealth,e957822a-c87f-fe16-08c8-6c25602354f1,1613001600000,
1314816,2021-02-13 01:03:18.256,2021-02-12 13:30:09.251,j9zBUHWfhn,com.sec.android.app.shealth,90d63e61-45f4-350f-1412-ed9bd37b5171,1613088000000,
807936,2020-11-26 00:28:55.295,2020-11-25 13:00:28.715,j9zBUHWfhn,com.sec.android.app.shealth,88ca5871-20d6-64f5-4033-ad93fd4f395b,1606262400000,
5969920,2021-02-22 03:14:23.243,2021-02-21 14:21:51.348,j9zBUHWfhn,com.sec.android.app.shealth,f0ee0c44-1764-5734-8925-9695d3b6c4ae,1613865600000,
1220608,2021-08-20 00:24:44.243,2021-08-19 12:38:50.565,j9zBUHWfhn,com.sec.android.app.shealth,5f3168e3-bbf5-81ba-ac4c-5b333807e9fb,1629331200000,
267264,2021-02-24 23:36:08.280,2021-02-24 13:32:39.159,j9zBUHWfhn,com.sec.android.app.shealth,c7a767f5-4046-d596-5c1c-157c3f6af343,1614124800000,
5251072,2021-04-05 02:13:27.234,2021-04-04 14:06:46.120,j9zBUHWfhn,com.sec.android.app.shealth,a8e85f0d-5c9c-33ff-65b5-f49f2be8306a,1617494400000,
329728,2022-01-11 23:59:20.249,2022-01-11 13:04:33.486,j9zBUHWfhn,com.sec.android.app.shealth,09de5bd8-db8c-91a4-ed21-81028d896904,1641859200000,
4800512,2021-09-13 02:25:53.253,2021-09-12 15:53:09.247,j9zBUHWfhn,com.sec.android.app.shealth,7ec512fa-d2da-4ac7-f422-6cfb5fb7cdce,1631404800000,
4231168,2021-05-31 02:25:36.232,2021-05-30 04:00:10.394,j9zBUHWfhn,com.sec.android.app.shealth,5cc1a1f7-34e5-7152-edf2-908403139669,1622332800000,
86016,2021-09-22 20:33:44.583,2021-09-22 12:07:56.534,j9zBUHWfhn,com.sec.android.app.shealth,256bb37b-6a2b-7991-b557-6d7b38352dc1,1632268800000,
4784128,2021-12-06 03:15:01.420,2021-12-05 14:19:58.915,j9zBUHWfhn,com.sec.android.app.shealth,4053fd8b-3d9b-cd6b-039d-ed4fc33942d4,1638662400000,
3211776,2021-09-21 01:01:06.240,2021-09-20 12:33:27.978,j9zBUHWfhn,com.sec.android.app.shealth,bef2ba60-7f65-0552-c0ef-1847ff66cccb,1632096000000,
2392064,2021-11-12 02:30:41.193,2021-11-11 12:28:04.985,j9zBUHWfhn,com.sec.android.app.shealth,8dc49ff1-e367-620d-c18e-a9c3ba5745e9,1636588800000,
1572864,2021-11-14 01:52:21.254,2021-11-13 13:15:35.357,j9zBUHWfhn,com.sec.android.app.shealth,0b2c515f-378f-f3f0-35cd-d2aa38dbc16a,1636761600000,
625152,2021-04-01 23:07:13.240,2021-04-01 12:36:57.845,j9zBUHWfhn,com.sec.android.app.shealth,defc8ef5-eb4a-5211-a290-54f2a8a9cd69,1617235200000,
100864,2020-11-11 21:54:12.653,2020-11-11 12:37:34.830,j9zBUHWfhn,com.sec.android.app.shealth,5775ddf1-a090-4440-1ac0-1237cc77bda4,1605052800000,
4279296,2021-06-30 02:11:08.240,2021-06-29 12:09:47.473,j9zBUHWfhn,com.sec.android.app.shealth,6a35307d-5d93-4463-9762-504b83c45c45,1624924800000,
4329984,2021-10-22 02:04:45.241,2021-10-21 11:08:03.128,j9zBUHWfhn,com.sec.android.app.shealth,0dba3b17-a6d5-05ae-e708-f0cacd19c14a,1634774400000,
1056768,2021-10-25 00:42:56.246,2021-10-24 12:21:43.302,j9zBUHWfhn,com.sec.android.app.shealth,7e072835-7f46-b221-084f-bf768a403cc6,1635033600000,
2789376,2022-01-05 02:07:14.257,2022-01-04 13:32:47.069,j9zBUHWfhn,com.sec.android.app.shealth,8d9e62cb-e8c5-a221-0a82-dc8483574843,1641254400000,
5658624,2022-02-17 03:12:37.299,2022-02-16 12:45:48.468,j9zBUHWfhn,com.sec.android.app.shealth,6000aa4e-b4ac-bf1f-57a8-c8c9aa997e18,1644969600000,
11046912,2021-10-03 03:08:48.242,2021-10-02 14:30:06.762,j9zBUHWfhn,com.sec.android.app.shealth,5a20b1f3-3495-71a8-3262-e147370cfb22,1633132800000,
1067008,2020-11-20 01:57:11.325,2020-11-19 12:39:49.589,j9zBUHWfhn,com.sec.android.app.shealth,a7d369aa-457d-feb8-aa0f-b581364919de,1605744000000,
5882880,2021-05-22 02:23:11.273,2021-05-21 12:03:49.614,j9zBUHWfhn,com.sec.android.app.shealth,5d20fb98-ae77-b739-2604-b8d75eb2b8e1,1621555200000,
10633216,2020-11-30 04:14:20.214,2020-11-29 16:12:35.536,j9zBUHWfhn,com.sec.android.app.shealth,4f19bb8c-0e25-8cca-5598-0716a39f395b,1606608000000,
4263936,2021-01-21 03:22:09.217,2021-01-20 13:25:54.051,j9zBUHWfhn,com.sec.android.app.shealth,0becfbc9-f92f-5ed0-1ff7-d8285a54c334,1611100800000,
4587520,2020-10-18 02:17:44.259,2020-10-17 14:06:34.700,j9zBUHWfhn,com.sec.android.app.shealth,22ff8cb8-14f2-207e-70f5-15b7a9ad7a15,1602892800000,
686592,2021-04-21 23:44:42.324,2021-04-21 11:41:36.895,j9zBUHWfhn,com.sec.android.app.shealth,db6671a5-c1cd-4466-3031-379a81887ee4,1618963200000,
4476928,2021-09-05 02:30:58.294,2021-09-04 13:37:15.305,j9zBUHWfhn,com.sec.android.app.shealth,5c6632af-c1d5-f66b-344d-20a8b4f58e8d,1630713600000,
3452928,2020-10-07 01:37:06.241,2020-10-06 12:11:31.776,j9zBUHWfhn,com.sec.android.app.shealth,0c05543f-d58d-7ef6-3f3a-fffc906ec626,1601942400000,
2704384,2020-10-10 01:37:59.249,2020-10-09 12:39:04.385,j9zBUHWfhn,com.sec.android.app.shealth,b75427a0-349c-bd21-2d1d-497d7532d072,1602201600000,
5378048,2021-05-01 02:23:15.287,2021-04-30 12:30:42.034,j9zBUHWfhn,com.sec.android.app.shealth,d1649b91-385d-2799-495e-ab313fda591e,1619740800000,
397312,2021-04-22 22:41:34.291,2021-04-22 12:09:39.891,j9zBUHWfhn,com.sec.android.app.shealth,a8acba9a-f64f-8206-63b7-d0e5a15c8fe6,1619049600000,
0,2020-11-14 14:34:12.749,2020-11-14 14:34:12.749,j9zBUHWfhn,com.sec.android.app.shealth,259b8bb7-a03a-34db-4f38-7e97157c3494,1605312000000,
5545984,2021-08-11 02:33:38.305,2021-08-10 15:55:53.923,j9zBUHWfhn,com.sec.android.app.shealth,36de2178-fd37-0361-b121-bdb873d2c9f5,1628553600000,
2402304,2022-02-05 02:53:40.262,2022-02-04 13:09:38.443,j9zBUHWfhn,com.sec.android.app.shealth,d934411a-2359-b698-14e3-dc753400cfa4,1643932800000,
12845056,2021-09-06 03:19:10.246,2021-09-05 13:45:03.090,j9zBUHWfhn,com.sec.android.app.shealth,3b874fcd-e28a-42ee-000f-5275fca42134,1630800000000,
4720640,2021-12-19 03:50:00.712,2021-12-18 14:23:33.384,j9zBUHWfhn,com.sec.android.app.shealth,3b631d44-4403-bcb2-48b6-64051bd3646e,1639785600000,
2425857,2021-05-17 01:49:47.555,2021-05-16 04:00:10.326,j9zBUHWfhn,com.sec.android.app.shealth,c142f145-b14b-d1be-4c6b-96e58f4695d4,1621123200000,
10528768,2021-08-28 03:22:37.253,2021-08-27 12:31:55.994,j9zBUHWfhn,com.sec.android.app.shealth,a5c26545-a4db-5f35-d9f6-a2e9f2cca0df,1630022400000,
4397056,2021-05-19 02:11:02.295,2021-05-18 12:29:20.330,j9zBUHWfhn,com.sec.android.app.shealth,14fa3f62-efd7-f2e7-597c-2e903d82c885,1621296000000,
577536,2022-02-01 00:48:50.238,2022-01-31 13:35:54.791,j9zBUHWfhn,com.sec.android.app.shealth,def38970-2a19-4f42-9681-0c07f013c04d,1643587200000,
6361088,2022-02-26 03:52:00.391,2022-02-25 13:00:31.483,j9zBUHWfhn,com.sec.android.app.shealth,26f89dac-6e3a-c028-8fc2-b230fae870b8,1645747200000,
5120,2022-03-03 05:02:50.584,2022-03-02 15:00:03.831,j9zBUHWfhn,com.sec.android.app.shealth,0566aef4-fd5b-2050-7eb1-2c9b53eb12d3,1646265600000,
1318912,2022-03-09 13:45:20.206,2022-03-09 01:17:04.474,j9zBUHWfhn,com.sec.android.app.shealth,af1370d1-5782-7b91-05e7-763389ba9a0d,1646784000000,
2048,2022-03-15 11:30:09.808,2022-03-15 00:27:47.494,j9zBUHWfhn,com.sec.android.app.shealth,130679e4-f689-f644-7483-ea96412ce6e5,1647302400000,
1328640,2022-03-22 00:40:38.227,2022-03-21 09:53:38.490,j9zBUHWfhn,com.sec.android.app.shealth,a17b0789-f50e-1587-594f-14f98109a538,1647820800000,
5046272,2020-12-06 03:23:28.274,2020-12-05 18:12:20.273,j9zBUHWfhn,com.sec.android.app.shealth,fb93d8eb-e720-c4fa-2f3a-a5f2707527b0,1607126400000,
4527104,2021-02-18 03:36:25.288,2021-02-17 13:27:43.933,j9zBUHWfhn,com.sec.android.app.shealth,746efea8-5331-40e1-0814-e2b019c2bcac,1613520000000,
4345856,2021-06-05 02:45:33.296,2021-06-04 12:43:42.302,j9zBUHWfhn,com.sec.android.app.shealth,18945203-e5a2-70d6-5d8b-94842d80a0c4,1622764800000,
4456448,2022-01-03 03:03:34.295,2022-01-02 14:31:56.770,j9zBUHWfhn,com.sec.android.app.shealth,047a206d-b5ab-9beb-4bc3-3e85e45bdab2,1641081600000,
3480576,2021-12-08 02:33:31.244,2021-12-07 13:01:21.372,j9zBUHWfhn,com.sec.android.app.shealth,8ec40a25-2ccd-4480-56dc-75d377fb7890,1638835200000,
165888,2020-10-07 21:15:54.259,2020-10-07 12:25:31.932,j9zBUHWfhn,com.sec.android.app.shealth,b9adc941-6351-ce00-f39b-06eb23b89e4e,1602028800000,
4555777,2021-12-13 03:06:10.218,2021-12-12 05:00:05.117,j9zBUHWfhn,com.sec.android.app.shealth,e2b708bc-e3cc-4310-9b97-73b201dcda37,1639267200000,
8192,2020-10-12 17:41:19.537,2020-10-12 14:04:40.969,j9zBUHWfhn,com.sec.android.app.shealth,281e24d3-92c7-0b65-c054-f8be0581506d,1602460800000,
8555520,2022-01-15 04:01:20.232,2022-01-14 13:32:22.212,j9zBUHWfhn,com.sec.android.app.shealth,56d503f1-f840-6e2f-cf3e-2dd7339ae5df,1642118400000,
4554752,2022-02-06 03:21:40.221,2022-02-05 14:00:44.879,j9zBUHWfhn,com.sec.android.app.shealth,e63d9989-5d68-f879-384a-4c6affd165f9,1644019200000,
2691072,2021-10-30 01:58:44.348,2021-10-29 12:02:51.696,j9zBUHWfhn,com.sec.android.app.shealth,41e0b01c-5f34-8019-e589-1eef643a1f29,1635465600000,
140288,2020-11-20 22:24:00.790,2020-11-20 13:00:10.830,j9zBUHWfhn,com.sec.android.app.shealth,4d04b3c9-b34b-88b7-0f34-08acd7c1eb6d,1605830400000,
2129920,2021-01-16 02:44:46.309,2021-01-15 13:32:08.981,j9zBUHWfhn,com.sec.android.app.shealth,12fd7c88-93d9-a67e-1f81-22952e193c50,1610668800000,
167936,2021-04-23 21:44:14.270,2021-04-23 12:38:37.232,j9zBUHWfhn,com.sec.android.app.shealth,183a4173-7877-6059-04a0-d6d12b631deb,1619136000000,
2249728,2021-11-05 01:12:16.210,2021-11-04 12:04:01.257,j9zBUHWfhn,com.sec.android.app.shealth,ff865943-5ee1-f895-e554-7656c4000ffb,1635984000000,
5067776,2022-01-25 03:01:04.236,2022-01-24 13:06:00.890,j9zBUHWfhn,com.sec.android.app.shealth,ebeb9447-798f-f93c-c8ee-b9103deccd5c,1642982400000,
6987776,2022-02-21 03:54:11.201,2022-02-20 13:41:15.239,j9zBUHWfhn,com.sec.android.app.shealth,038c3e77-1b49-2214-1dc9-48606ac26f48,1645315200000,
36864,2021-07-07 19:50:55.841,2021-07-07 12:27:46.732,j9zBUHWfhn,com.sec.android.app.shealth,8e59e2e9-4b4b-ad5e-b988-e812b1350db5,1625616000000,
4263938,2021-02-08 03:21:54.065,2021-02-07 05:00:03.693,j9zBUHWfhn,com.sec.android.app.shealth,a1b38e51-3ab1-4860-a6d7-ba09968d7646,1612656000000,
4736000,2020-12-24 03:15:33.214,2020-12-23 13:02:20.839,j9zBUHWfhn,com.sec.android.app.shealth,0210abf0-f482-8443-8f7a-d592abcd6658,1608681600000,
88064,2020-11-02 21:10:25.690,2020-11-02 13:37:20.607,j9zBUHWfhn,com.sec.android.app.shealth,48152729-f43b-9ab8-c70f-45939e7fd5d4,1604275200000,
183296,2021-06-17 21:55:04.232,2021-06-17 12:35:05.542,j9zBUHWfhn,com.sec.android.app.shealth,3317585f-dbff-ab17-1775-14ecc652d295,1623888000000,
1114112,2020-12-13 01:21:13.292,2020-12-12 18:13:19.527,j9zBUHWfhn,com.sec.android.app.shealth,7a05e0c5-9873-fac5-e53e-15ff1a22895b,1607731200000,
0,2020-10-02 13:28:50.227,2020-10-02 13:28:50.227,j9zBUHWfhn,com.sec.android.app.shealth,c9cf179b-ab8d-4d29-5468-87eb69bb58c1,1601596800000,
10633216,2021-06-01 03:04:42.313,2021-05-31 16:09:49.786,j9zBUHWfhn,com.sec.android.app.shealth,4ede3941-4c0b-2f64-6c54-b52833f99bd0,1622419200000,
4326400,2022-01-16 03:30:49.263,2022-01-15 13:56:46.802,j9zBUHWfhn,com.sec.android.app.shealth,32ff1ca8-1190-e9d4-ed4a-9ebc2f601716,1642204800000,
1722368,2021-04-11 00:42:29.204,2021-04-10 11:57:39.121,j9zBUHWfhn,com.sec.android.app.shealth,ed9a5888-2ddc-1758-a89f-944afc86b599,1618012800000,
9717760,2022-01-01 04:40:19.236,2021-12-31 14:09:49.139,j9zBUHWfhn,com.sec.android.app.shealth,17a63890-07e6-bb47-cd0c-848e2b379af2,1640908800000,
1344512,2022-02-27 01:25:35.230,2022-02-26 13:42:32.134,j9zBUHWfhn,com.sec.android.app.shealth,4d79bb29-d52a-b427-048a-941d62b88aec,1645833600000,
4489217,2021-09-20 02:15:54.254,2021-09-19 04:00:06.494,j9zBUHWfhn,com.sec.android.app.shealth,87ec7937-5f0c-c103-dbd3-e9fdd466da3d,1632009600000,
413696,2020-11-18 23:50:28.281,2020-11-18 12:33:46.395,j9zBUHWfhn,com.sec.android.app.shealth,c6c6a5f4-71e0-8ea7-2df2-473edfba1e13,1605657600000,
5324800,2022-03-04 15:25:11.294,2022-03-04 01:46:30.516,j9zBUHWfhn,com.sec.android.app.shealth,1c2ec93b-1aa0-1026-aa31-81d7c6d1cd9b,1646352000000,
5641216,2021-01-22 03:06:57.219,2021-01-21 13:36:17.392,j9zBUHWfhn,com.sec.android.app.shealth,5cfee637-d4ee-0d0e-25c1-3053ebe371b8,1611187200000,
807936,2021-09-15 23:50:39.244,2021-09-15 11:33:57.880,j9zBUHWfhn,com.sec.android.app.shealth,1899967d-c9a5-b52f-edba-bb70c9d4c36c,1631664000000,
1138688,2022-03-10 13:45:54.225,2022-03-10 00:35:03.617,j9zBUHWfhn,com.sec.android.app.shealth,8b17da4b-0d80-4948-63db-1000c8a50f5a,1646870400000,
746496,2021-06-11 23:51:36.219,2021-06-11 12:05:41.294,j9zBUHWfhn,com.sec.android.app.shealth,ce17ef71-721a-26d4-14d8-16295fdff2ac,1623369600000,
5351424,2021-05-16 02:46:36.250,2021-05-15 12:19:25.858,j9zBUHWfhn,com.sec.android.app.shealth,5cc6a2f0-eefa-6d70-3cb5-2563299a81ea,1621036800000,
40960,2022-03-16 08:14:03.582,2022-03-16 00:35:55.366,j9zBUHWfhn,com.sec.android.app.shealth,f7062ea8-a39c-2c2c-9e7a-d46da93a6fe8,1647388800000,
6427648,2021-11-17 03:04:36.260,2021-11-16 12:50:38.800,j9zBUHWfhn,com.sec.android.app.shealth,617c2d9b-d2d0-f620-7af7-f2c6647b304f,1637020800000,
5376000,2021-04-20 02:34:01.328,2021-04-19 12:25:24.433,j9zBUHWfhn,com.sec.android.app.shealth,d09ee2ef-e40a-6841-e750-5abb2d70f16e,1618790400000,
0,2022-03-22 10:08:13.500,2022-03-22 10:08:13.500,j9zBUHWfhn,com.sec.android.app.shealth,cc0f6524-adb8-8bce-4fce-8802670b3f30,1647907200000,
1181696,2021-11-24 01:22:31.276,2021-11-23 12:40:25.091,j9zBUHWfhn,com.sec.android.app.shealth,820e9f9c-4ac9-4a1d-1b16-2116d03ac946,1637625600000,
65536,2021-07-15 20:56:53.636,2021-07-15 17:50:03.818,j9zBUHWfhn,com.sec.android.app.shealth,f87e9b25-193e-4c1d-7846-a5f6bb45afa9,1626307200000,
132096,2021-03-02 22:30:24.248,2021-03-02 13:09:18.034,j9zBUHWfhn,com.sec.android.app.shealth,c8275b04-04ab-a657-c76f-81cc13793696,1614643200000,
300032,2021-06-15 22:14:37.233,2021-06-15 12:19:34.098,j9zBUHWfhn,com.sec.android.app.shealth,09a0640b-ac78-be40-c78e-88c86504268d,1623715200000,
136192,2021-09-21 21:24:45.251,2021-09-21 12:24:29.851,j9zBUHWfhn,com.sec.android.app.shealth,6cb30fbf-8315-3f2c-38fe-3d2d057903a4,1632182400000,
6291456,2021-07-05 02:58:29.293,2021-07-04 13:33:54.194,j9zBUHWfhn,com.sec.android.app.shealth,1b267b0e-b78b-8f06-f8ae-cc87b68045fb,1625356800000,
299008,2021-01-14 23:27:40.203,2021-01-14 13:29:52.038,j9zBUHWfhn,com.sec.android.app.shealth,94239b34-916e-a88d-5ed8-af88fe67f48e,1610582400000,
1048576,2021-10-16 18:06:10.231,2021-10-16 10:00:42.154,j9zBUHWfhn,com.sec.android.app.shealth,32937d74-2b48-175a-b188-5c5ad5d4974b,1634342400000,
674816,2021-12-14 00:54:48.312,2021-12-13 13:06:28.425,j9zBUHWfhn,com.sec.android.app.shealth,dd019344-b5bc-5008-c18f-947b5786898a,1639353600000,
0,2021-10-15 18:12:29.521,2021-10-15 18:12:29.521,j9zBUHWfhn,com.sec.android.app.shealth,f29c0c45-12cc-0c1d-8a68-e3ed85b3890a,1634256000000,
2115584,2021-08-10 01:13:27.246,2021-08-09 11:51:09.123,j9zBUHWfhn,com.sec.android.app.shealth,f3302ae1-4a1c-a60c-3f79-5e2a8e504c21,1628467200000,
5441536,2021-11-25 03:54:28.304,2021-11-24 13:13:18.241,j9zBUHWfhn,com.sec.android.app.shealth,98e1435a-c863-3524-3abf-8b09fb053118,1637712000000,
102400,2021-06-07 20:50:26.596,2021-06-07 12:35:32.898,j9zBUHWfhn,com.sec.android.app.shealth,30b9f56e-8bbe-b1df-f020-6d91d783b566,1623024000000,
428032,2021-04-29 22:53:04.217,2021-04-29 12:57:22.820,j9zBUHWfhn,com.sec.android.app.shealth,0906a43d-a40c-c0b3-c64b-95269f37b3f6,1619654400000,
167936,2020-10-25 21:38:48.269,2020-10-25 13:41:40.152,j9zBUHWfhn,com.sec.android.app.shealth,8edacecd-f36a-af97-784c-5cb111f0a3c0,1603584000000,
2048,2021-08-03 15:55:05.681,2021-08-03 12:43:05.274,j9zBUHWfhn,com.sec.android.app.shealth,bc8130af-4f1d-c306-7c1e-793be2c23f9b,1627948800000,
2777090,2022-01-24 02:38:03.247,2022-01-23 05:00:04.604,j9zBUHWfhn,com.sec.android.app.shealth,b202b3d3-b0ea-956b-b5ba-b6dfaeaf65c3,1642896000000,
6569984,2021-04-26 02:47:00.427,2021-04-25 13:39:46.497,j9zBUHWfhn,com.sec.android.app.shealth,0f8279c7-12ba-d050-2011-63c60ea9dcd5,1619308800000,
644096,2022-02-08 00:53:40.280,2022-02-07 13:07:17.150,j9zBUHWfhn,com.sec.android.app.shealth,7e5cfa67-df88-f9e3-de9c-13eaa5a794f0,1644192000000,
1101824,2020-12-22 01:22:08.234,2020-12-21 13:50:05.904,j9zBUHWfhn,com.sec.android.app.shealth,ffda52e6-4813-6989-7558-31857669fc65,1608508800000,
4228096,2021-11-03 02:15:53.237,2021-11-02 11:59:00.976,j9zBUHWfhn,com.sec.android.app.shealth,532eed45-892b-a3f5-ef36-a8d8c353f393,1635811200000,
67584,2021-04-08 20:55:37.632,2021-04-08 12:07:00.816,j9zBUHWfhn,com.sec.android.app.shealth,ffe50dfc-4737-a862-8e53-eb73d628c2ef,1617840000000,
1330176,2021-06-24 00:12:38.334,2021-06-23 13:01:03.957,j9zBUHWfhn,com.sec.android.app.shealth,07452c94-3672-4ee9-d787-30a818817926,1624406400000,
4587520,2022-01-30 03:29:45.279,2022-01-29 14:48:22.593,j9zBUHWfhn,com.sec.android.app.shealth,8facf7f1-73ef-603b-ce89-91d73933524e,1643414400000,
1064960,2021-10-12 18:13:55.255,2021-10-12 06:25:15.918,j9zBUHWfhn,com.sec.android.app.shealth,9838c1b4-f622-c6d9-53d7-1c3a9f858f0d,1633996800000,
6144,2021-05-02 16:24:06.227,2021-05-02 12:43:21.582,j9zBUHWfhn,com.sec.android.app.shealth,e92d1826-f120-2155-47fb-07e57bced386,1619913600000,
199680,2021-06-16 21:48:43.251,2021-06-16 12:20:41.299,j9zBUHWfhn,com.sec.android.app.shealth,2cd55121-7171-d8e0-bc18-350aeb8d87cd,1623801600000,
69632,2020-12-10 21:14:27.677,2020-12-10 13:21:33.528,j9zBUHWfhn,com.sec.android.app.shealth,c6899ba7-755d-86e2-6f14-088a2d184bde,1607558400000,
2785280,2021-08-30 01:41:39.260,2021-08-29 04:00:09.914,j9zBUHWfhn,com.sec.android.app.shealth,b172811e-0fa1-7267-6722-fce5f1ad7c0c,1630195200000,
2957312,2021-03-01 02:39:41.327,2021-02-28 13:51:29.563,j9zBUHWfhn,com.sec.android.app.shealth,8b8ecc6d-5eff-e114-d38b-2de7360bdd33,1614470400000,
6397952,2021-09-29 02:37:52.283,2021-09-28 12:26:29.022,j9zBUHWfhn,com.sec.android.app.shealth,6eeae56f-ed87-1c2a-dae2-043a371e1a90,1632787200000,
160768,2021-05-03 21:59:20.274,2021-05-03 12:36:14.372,j9zBUHWfhn,com.sec.android.app.shealth,696d652a-cb6c-c9e0-10b0-150d80b1b201,1620000000000,
1153024,2020-12-18 01:57:16.223,2020-12-17 13:36:46.635,j9zBUHWfhn,com.sec.android.app.shealth,145fd799-2ad2-0022-0ec8-d7d726a94d42,1608163200000,
5295104,2021-08-19 02:20:41.318,2021-08-18 12:31:59.218,j9zBUHWfhn,com.sec.android.app.shealth,04a73766-7efc-179a-9356-21acd4f1947c,1629244800000,
2310144,2021-05-28 01:07:32.235,2021-05-27 12:34:12.305,j9zBUHWfhn,com.sec.android.app.shealth,ad87f8e2-c9d2-5a42-8a53-2ac6c7bf84f8,1622073600000,
12584960,2022-01-23 04:25:50.218,2022-01-22 13:38:26.821,j9zBUHWfhn,com.sec.android.app.shealth,c8149cdc-5bde-3558-c330-6cf3f8a05c47,1642809600000,
1048576,2020-11-29 01:53:47.245,2020-11-28 14:59:39.148,j9zBUHWfhn,com.sec.android.app.shealth,27b62696-a030-e5b2-6a7b-56ac6833a93b,1606521600000,
796672,2021-09-27 23:42:14.243,2021-09-27 12:38:00.727,j9zBUHWfhn,com.sec.android.app.shealth,273f3a16-bac2-9856-f47d-b36737996f30,1632700800000,
592896,2020-11-24 00:01:06.252,2020-11-23 12:34:37.386,j9zBUHWfhn,com.sec.android.app.shealth,fd70ebe6-0744-1144-1a3d-bd008c4c2242,1606089600000,
2458624,2021-12-16 02:08:37.228,2021-12-15 13:33:05.426,j9zBUHWfhn,com.sec.android.app.shealth,c4667f49-58d0-46c5-3ff7-b1a3396d1ac2,1639526400000,
1083392,2020-10-30 00:23:37.199,2020-10-29 12:32:17.388,j9zBUHWfhn,com.sec.android.app.shealth,65d84639-ad55-fada-9194-23f1972d577b,1603929600000,
12664833,2021-05-09 03:34:05.316,2021-05-08 04:00:05.112,j9zBUHWfhn,com.sec.android.app.shealth,e818884a-7176-d89f-1f00-344a615cf4f8,1620432000000,
0,2020-10-01 12:22:12.809,2020-10-01 12:22:12.809,j9zBUHWfhn,com.sec.android.app.shealth,e5f5d8c7-2225-6cb2-9a28-fa5c15d0e859,1601510400000,
200704,2021-05-14 21:41:05.232,2021-05-14 12:34:34.604,j9zBUHWfhn,com.sec.android.app.shealth,39d33b03-919a-021f-3c55-deddbaaa5412,1620950400000,
4396032,2021-02-21 03:56:21.220,2021-02-20 14:37:48.630,j9zBUHWfhn,com.sec.android.app.shealth,2e0ba966-aca0-cec3-a84c-157da5ac1240,1613779200000,
1460736,2021-01-28 01:48:56.211,2021-01-27 13:32:32.760,j9zBUHWfhn,com.sec.android.app.shealth,f947ce97-9197-2137-a5b8-480660dcf3ec,1611705600000,
1253376,2021-03-04 01:27:16.325,2021-03-03 13:06:09.945,j9zBUHWfhn,com.sec.android.app.shealth,ea41297e-0e42-a50b-288d-8b22610e7f37,1614729600000,
3594240,2021-06-03 01:57:18.401,2021-06-02 12:36:25.748,j9zBUHWfhn,com.sec.android.app.shealth,b3e98542-9a50-e312-3856-48a4c11c3502,1622592000000,
6660096,2022-02-02 03:13:48.236,2022-02-01 13:03:51.332,j9zBUHWfhn,com.sec.android.app.shealth,465a67ff-c5db-c54f-9fc2-12a84fe75e3e,1643673600000,
1197056,2020-10-20 03:38:19.379,2020-10-19 12:41:03.630,j9zBUHWfhn,com.sec.android.app.shealth,bbc3e9ce-96b1-b1c8-8c37-0b9f153bdcb7,1603065600000,
0,2021-07-09 12:05:25.750,2021-07-09 12:05:25.750,j9zBUHWfhn,com.sec.android.app.shealth,dd636d2a-3637-fa2a-3f1f-98342dc2cd11,1625788800000,
67584,2021-10-10 14:30:09.183,2021-10-10 06:56:26.323,j9zBUHWfhn,com.sec.android.app.shealth,02e80020-866b-1af6-cb2a-33ad4240fa91,1633824000000,
9054208,2021-11-07 03:19:40.287,2021-11-06 13:19:41.367,j9zBUHWfhn,com.sec.android.app.shealth,93cc8f75-4e5c-4a78-a93b-07aa27190a04,1636156800000,
1184768,2021-03-02 01:35:19.232,2021-03-01 13:33:36.397,j9zBUHWfhn,com.sec.android.app.shealth,83527252-d54c-8517-75cc-8500ea038aaa,1614556800000,
2101248,2021-09-14 01:03:28.193,2021-09-13 12:37:18.178,j9zBUHWfhn,com.sec.android.app.shealth,b280b1af-9cba-dd80-8106-a87f3721c0cd,1631491200000,
263168,2021-07-12 22:12:47.259,2021-07-12 12:22:47.058,j9zBUHWfhn,com.sec.android.app.shealth,e21edaa1-bd09-e531-ea87-3e0b3bfd9fd4,1626048000000,
1463296,2021-04-29 00:36:29.233,2021-04-28 12:14:55.173,j9zBUHWfhn,com.sec.android.app.shealth,f3af3988-b96b-4716-0464-474ee6038e9f,1619568000000,
10029056,2020-11-22 04:16:19.216,2020-11-21 14:51:54.037,j9zBUHWfhn,com.sec.android.app.shealth,0517aa60-6d43-f8f7-074a-6d7ea58928a7,1605916800000,
11796480,2021-08-02 03:19:26.278,2021-08-01 04:00:04.321,j9zBUHWfhn,com.sec.android.app.shealth,a74e9689-9df4-4ae5-7cdb-50de45c7817f,1627776000000,
0,2020-10-21 12:19:34.105,2020-10-21 12:19:34.105,j9zBUHWfhn,com.sec.android.app.shealth,0701268d-0ac5-21e5-5ea9-17507e9b476a,1603238400000,
1249280,2021-02-17 01:44:52.254,2021-02-16 13:02:18.832,j9zBUHWfhn,com.sec.android.app.shealth,d6243ea6-5455-c250-42ca-4d90b0bbd0f5,1613433600000,
199680,2020-12-04 22:57:21.467,2020-12-04 13:42:31.734,j9zBUHWfhn,com.sec.android.app.shealth,95d419ce-0292-7d94-9b0a-d9d558f4f076,1607040000000,
6720512,2021-08-13 02:24:54.330,2021-08-12 12:40:59.200,j9zBUHWfhn,com.sec.android.app.shealth,1d8b17b8-2144-ab7b-e179-4045566ea44b,1628726400000,
10653696,2021-03-06 04:02:00.529,2021-03-05 13:01:57.295,j9zBUHWfhn,com.sec.android.app.shealth,ed44f53d-886c-a091-c843-897e0df9eefa,1614902400000,
5447680,2022-02-28 03:37:43.231,2022-02-27 13:45:59.796,j9zBUHWfhn,com.sec.android.app.shealth,60ec2c87-6954-ffc7-709d-417c672bfba3,1645920000000,
10014720,2021-02-07 04:43:46.226,2021-02-06 13:55:58.134,j9zBUHWfhn,com.sec.android.app.shealth,6591c4fb-60c3-a153-8e07-fc73542aae39,1612569600000,
2138112,2022-03-05 14:25:52.322,2022-03-05 00:20:36.846,j9zBUHWfhn,com.sec.android.app.shealth,47f511d7-2db8-1d04-0211-763c204eece2,1646438400000,
1319936,2022-03-11 13:29:22.277,2022-03-11 00:37:43.233,j9zBUHWfhn,com.sec.android.app.shealth,dcb07e0f-d40f-c953-2f05-28aaeea86362,1646956800000,
5406720,2021-09-24 02:33:42.306,2021-09-23 12:22:55.867,j9zBUHWfhn,com.sec.android.app.shealth,ebcb71be-c0b1-c0a2-5563-f6462a88bfd6,1632355200000,
98560,2022-03-17 20:45:27.605,2022-03-16 21:49:19.495,j9zBUHWfhn,com.sec.android.app.shealth,351e9997-b00b-757c-4e28-a58bb7304a18,1647475200000,
2396672,2022-03-24 01:17:50.254,2022-03-23 11:27:25.126,j9zBUHWfhn,com.sec.android.app.shealth,806d97d4-7d83-71e3-158b-0c587b1a1584,1647993600000,
5379072,2022-02-07 03:19:59.242,2022-02-06 13:38:51.270,j9zBUHWfhn,com.sec.android.app.shealth,efcf1221-a1ed-ae6e-c08e-3ff4beece888,1644105600000,
4817920,2021-02-06 03:19:32.292,2021-02-05 13:16:41.551,j9zBUHWfhn,com.sec.android.app.shealth,d9dd707d-2c40-61ec-fc3b-cc9a6d21db20,1612483200000,
1200128,2021-02-26 01:46:34.250,2021-02-25 13:26:10.599,j9zBUHWfhn,com.sec.android.app.shealth,ea31d810-d347-1516-2711-38bb609f8529,1614211200000,
2723840,2021-09-17 01:46:59.854,2021-09-16 12:34:58.464,j9zBUHWfhn,com.sec.android.app.shealth,5820c340-7b23-409d-7ebe-8580619d9261,1631750400000,
133120,2020-11-05 22:08:59.327,2020-11-05 13:38:55.956,j9zBUHWfhn,com.sec.android.app.shealth,9fa6c9f7-a91b-155c-964d-77b5f5051640,1604534400000,
134144,2021-07-14 21:10:39.281,2021-07-14 12:34:43.542,j9zBUHWfhn,com.sec.android.app.shealth,14c8ec66-3b24-9737-e18d-02e1e73f2a33,1626220800000,
609280,2021-11-13 00:56:02.228,2021-11-12 12:55:46.650,j9zBUHWfhn,com.sec.android.app.shealth,3623f10e-6436-c7a7-b75d-ec76422945e8,1636675200000,
168448,2022-01-13 22:05:47.285,2022-01-13 13:13:02.726,j9zBUHWfhn,com.sec.android.app.shealth,b3f51af8-36e4-e32b-0f25-92dfb3c6d2bb,1642032000000,
6440960,2022-01-22 03:36:25.226,2022-01-21 12:57:53.354,j9zBUHWfhn,com.sec.android.app.shealth,855c7c91-95c9-c01f-2dc0-e4d8a0e9762a,1642723200000,
2368000,2020-10-11 01:26:45.273,2020-10-10 12:40:39.794,j9zBUHWfhn,com.sec.android.app.shealth,464e7968-3fa9-b8cf-e59f-1c9bfdfdb09b,1602288000000,
2184192,2020-11-13 02:01:37.188,2020-11-12 12:32:07.025,j9zBUHWfhn,com.sec.android.app.shealth,24428ea3-0560-674c-5014-d3fedf4a7770,1605139200000,
3282944,2021-04-16 01:48:45.236,2021-04-15 11:59:34.739,j9zBUHWfhn,com.sec.android.app.shealth,af4bdc40-ac81-7237-0f51-78dfb64263be,1618444800000,
4478976,2021-08-07 02:03:08.300,2021-08-06 12:25:11.925,j9zBUHWfhn,com.sec.android.app.shealth,64d5947d-11aa-78b9-b24e-20e7e8452f0b,1628208000000,
409600,2021-07-02 22:28:58.270,2021-07-02 12:27:38.270,j9zBUHWfhn,com.sec.android.app.shealth,f1e3e3a6-638d-c3af-9800-547eb8172307,1625184000000,
2097152,2021-05-20 01:59:30.239,2021-05-19 12:33:23.635,j9zBUHWfhn,com.sec.android.app.shealth,ea3f4cb1-890d-e120-8295-6c224c1280b1,1621382400000,
171008,2022-02-09 22:57:58.467,2022-02-09 13:08:32.470,j9zBUHWfhn,com.sec.android.app.shealth,67f9e31c-ccc6-a074-8ac6-9b0d2dfa14bc,1644364800000,
1428480,2022-01-11 01:20:15.272,2022-01-10 13:34:04.342,j9zBUHWfhn,com.sec.android.app.shealth,829d6870-1388-4795-c66b-24528dbde070,1641772800000,
5526528,2022-02-23 03:26:42.382,2022-02-22 13:03:52.028,j9zBUHWfhn,com.sec.android.app.shealth,113f7735-5f8b-2ea4-fe2e-61187c9d68ec,1645488000000,
5373952,2021-04-25 02:37:26.197,2021-04-24 13:44:32.302,j9zBUHWfhn,com.sec.android.app.shealth,6d5d159e-c20f-d417-da37-d219dae2604b,1619222400000,
0,2020-10-26 12:43:32.101,2020-10-26 12:43:32.101,j9zBUHWfhn,com.sec.android.app.shealth,9f9b67e7-2739-4865-fb58-714a16a45afb,1603670400000,
4243456,2021-06-28 02:10:52.268,2021-06-27 13:14:14.673,j9zBUHWfhn,com.sec.android.app.shealth,546ae490-1788-b0f3-8a2d-db8d26750aa8,1624752000000,
430080,2022-02-17 23:42:19.204,2022-02-17 12:44:41.357,j9zBUHWfhn,com.sec.android.app.shealth,e2eede46-450f-0216-3585-0f21d5e61f83,1645056000000,
545792,2021-12-23 00:13:21.227,2021-12-22 12:54:49.736,j9zBUHWfhn,com.sec.android.app.shealth,79173cf6-c238-e81a-f25d-7f5fe307ae3e,1640131200000,
4327424,2021-04-07 02:04:53.277,2021-04-06 12:22:14.578,j9zBUHWfhn,com.sec.android.app.shealth,681d21bb-f590-afd0-de6d-b63f7948bdd4,1617667200000,
2687488,2021-11-28 02:57:43.309,2021-11-27 13:50:21.701,j9zBUHWfhn,com.sec.android.app.shealth,a8fffbc7-9a8e-0dd6-b9d1-6ab390f57125,1637971200000,
6307840,2021-10-04 02:40:26.239,2021-10-03 13:21:24.056,j9zBUHWfhn,com.sec.android.app.shealth,d50d5e01-94b6-6423-5b10-158a6a42016d,1633219200000,
4330496,2021-04-28 02:09:13.323,2021-04-27 12:20:38.256,j9zBUHWfhn,com.sec.android.app.shealth,04d3cb92-0141-7a35-8344-acca75d7c200,1619481600000,
1212416,2020-12-01 01:56:07.212,2020-11-30 12:33:18.202,j9zBUHWfhn,com.sec.android.app.shealth,42bf2029-f329-ef7a-667f-9572e64b2003,1606694400000,
5935616,2021-12-15 03:15:09.251,2021-12-14 13:06:28.047,j9zBUHWfhn,com.sec.android.app.shealth,0fbefbd9-e04c-932a-ec3f-4a58411471fd,1639440000000,
6307840,2021-12-27 03:20:40.703,2021-12-26 15:00:05.173,j9zBUHWfhn,com.sec.android.app.shealth,91d785bd-adf8-6615-5282-8990b78a6ae4,1640476800000,
4202497,2021-07-18 02:38:27.216,2021-07-17 04:00:03.883,j9zBUHWfhn,com.sec.android.app.shealth,05b97eb7-541d-7934-16ed-3b9b2c3e9791,1626480000000,
50176,2021-05-04 19:30:40.709,2021-05-04 12:12:47.830,j9zBUHWfhn,com.sec.android.app.shealth,1fa5e93d-f927-41c4-82fe-93f28192c343,1620086400000,
570368,2020-12-02 00:04:52.260,2020-12-01 13:24:39.666,j9zBUHWfhn,com.sec.android.app.shealth,4fa4e8c5-81ae-b770-3808-c18174046d78,1606780800000,
6639616,2021-12-09 03:20:24.310,2021-12-08 13:00:39.952,j9zBUHWfhn,com.sec.android.app.shealth,49ef3b2e-4d78-d114-d84d-efb9f66b2d46,1638921600000,
2658304,2022-02-14 02:04:01.448,2022-02-13 13:46:25.698,j9zBUHWfhn,com.sec.android.app.shealth,73ace7aa-afe1-eca3-cc0a-d4b2e5cc4884,1644710400000,
1061888,2022-02-16 01:42:18.250,2022-02-15 13:02:15.823,j9zBUHWfhn,com.sec.android.app.shealth,a5641dd7-c95e-b5e5-091a-c28322dad489,1644883200000,
1118208,2021-08-15 00:10:43.274,2021-08-14 12:41:34.747,j9zBUHWfhn,com.sec.android.app.shealth,e5947258-9988-2fed-3796-8902df714f9b,1628899200000,
542720,2021-10-18 23:03:39.241,2021-10-17 22:00:07.302,j9zBUHWfhn,com.sec.android.app.shealth,4f10e9a2-ce5d-fb71-80f0-db17d5ecc87f,1634515200000,
4761600,2021-09-30 02:30:12.254,2021-09-29 12:25:31.002,j9zBUHWfhn,com.sec.android.app.shealth,8accf45b-c137-1a4b-0bf1-ef226b2df991,1632873600000,
6062080,2021-12-29 03:11:37.248,2021-12-28 14:05:18.384,j9zBUHWfhn,com.sec.android.app.shealth,19a202d7-5864-30d0-5123-86ba6ec4f312,1640649600000,
10502144,2021-09-25 03:09:32.277,2021-09-24 12:28:21.187,j9zBUHWfhn,com.sec.android.app.shealth,b0660492-0e89-1f3e-b484-2b29b633b1b3,1632441600000,
3229696,2021-01-11 02:49:40.299,2021-01-10 13:26:12.815,j9zBUHWfhn,com.sec.android.app.shealth,26793cdb-d356-3d3a-0e7e-302dbbca5349,1610236800000,
5657600,2021-12-04 03:41:36.314,2021-12-03 12:32:18.076,j9zBUHWfhn,com.sec.android.app.shealth,787df031-5813-6eb1-76f4-9522f6cb3a02,1638489600000,
32768,2020-12-14 20:43:37.563,2020-12-14 18:26:27.454,j9zBUHWfhn,com.sec.android.app.shealth,aa7b2b6c-e892-3457-9bd0-335acb68e2aa,1607904000000,
5246976,2020-11-07 03:54:10.283,2020-11-06 13:46:36.218,j9zBUHWfhn,com.sec.android.app.shealth,a83b9a69-e468-b0a5-6902-db2489141cfa,1604620800000,
10240000,2021-05-23 03:35:40.262,2021-05-22 13:12:45.572,j9zBUHWfhn,com.sec.android.app.shealth,f67e4c45-a05d-a974-abf0-67bc43de3b18,1621641600000,
5914624,2021-12-26 03:31:54.251,2021-12-25 14:46:00.348,j9zBUHWfhn,com.sec.android.app.shealth,9e03a999-84d8-981b-acc5-684de6c79fe3,1640390400000,
3311616,2021-08-24 01:24:34.229,2021-08-23 12:36:29.601,j9zBUHWfhn,com.sec.android.app.shealth,7b9b4501-bb0c-f095-1d8f-0b1106105f89,1629676800000,
5395456,2022-01-13 03:05:38.257,2022-01-12 12:56:03.060,j9zBUHWfhn,com.sec.android.app.shealth,4290dfed-e67a-267c-1d71-a79ac3aeb076,1641945600000,
136192,2021-10-06 21:57:01.302,2021-10-06 12:37:50.514,j9zBUHWfhn,com.sec.android.app.shealth,3e5a721a-5b58-f29e-a301-3c70d429f654,1633478400000,
4676608,2022-01-21 03:32:36.219,2022-01-20 13:32:34.551,j9zBUHWfhn,com.sec.android.app.shealth,4a959f99-5489-977e-0751-5a7468ec4875,1642636800000,
8781824,2022-02-22 04:07:10.243,2022-02-21 13:39:57.645,j9zBUHWfhn,com.sec.android.app.shealth,77bd6fcc-9347-743d-7c28-244923505a33,1645401600000,
4883456,2021-09-18 02:39:53.220,2021-09-17 12:32:16.093,j9zBUHWfhn,com.sec.android.app.shealth,85e41508-2495-a633-236b-0303635ccac5,1631836800000,
16384,2021-05-26 18:51:40.599,2021-05-26 14:32:52.981,j9zBUHWfhn,com.sec.android.app.shealth,cd7b3345-ac80-7a0d-3e06-ab6faa1a300d,1621987200000,
1343488,2021-11-01 00:20:19.280,2021-10-31 12:06:59.843,j9zBUHWfhn,com.sec.android.app.shealth,16e52fbf-eaf8-53ba-0baf-1a062d150809,1635638400000,
2138112,2021-09-01 01:39:25.239,2021-08-31 12:37:20.971,j9zBUHWfhn,com.sec.android.app.shealth,31db355a-d42e-09ff-4497-39fc1089904e,1630368000000,
180224,2020-12-25 22:14:28.242,2020-12-25 14:54:01.665,j9zBUHWfhn,com.sec.android.app.shealth,af68036f-f429-c1d1-9830-0f6aa2f7a29a,1608854400000,
70656,2021-08-15 20:55:52.277,2021-08-15 13:02:26.563,j9zBUHWfhn,com.sec.android.app.shealth,e85bacbe-cff9-3e2b-eb11-1d476f7d23fe,1628985600000,
2949120,2020-11-16 02:39:47.262,2020-11-15 16:18:38.702,j9zBUHWfhn,com.sec.android.app.shealth,0c6b81df-ade5-1fed-5893-9cc0776c1d2f,1605398400000,
1232896,2022-02-03 01:41:44.284,2022-02-02 13:03:03.632,j9zBUHWfhn,com.sec.android.app.shealth,fdd09e11-f441-ea77-3f7c-b5230aed1eb5,1643760000000,
4194304,2021-08-09 02:05:33.245,2021-08-08 21:29:40.943,j9zBUHWfhn,com.sec.android.app.shealth,86ad8278-4d31-662f-8e1e-c959064712e3,1628380800000,
270336,2021-06-26 22:31:07.216,2021-06-26 12:41:41.073,j9zBUHWfhn,com.sec.android.app.shealth,53533f6d-9328-f52f-a8a1-c28f31f1fadc,1624665600000,
2543616,2021-10-28 01:40:13.236,2021-10-27 11:35:37.075,j9zBUHWfhn,com.sec.android.app.shealth,0b791f4e-4591-4d6e-08b5-24cf356145fd,1635292800000,
1102848,2021-11-18 01:03:33.340,2021-11-17 12:38:31.400,j9zBUHWfhn,com.sec.android.app.shealth,e556a6b5-09a3-6482-1197-a94c8601c789,1637107200000,
140288,2021-08-30 21:13:11.304,2021-08-30 12:37:06.869,j9zBUHWfhn,com.sec.android.app.shealth,c8f96fb8-9152-4104-99b1-96a65aefe2b2,1630281600000,
4851712,2021-08-22 02:17:34.423,2021-08-21 13:24:15.849,j9zBUHWfhn,com.sec.android.app.shealth,f57c155d-9437-7b41-efdd-691e71629999,1629504000000,
335872,2022-01-09 23:06:28.250,2022-01-09 14:21:04.790,j9zBUHWfhn,com.sec.android.app.shealth,d9997a14-7335-69c1-0c13-99c0e2494a2f,1641686400000,
13778944,2021-12-12 04:41:11.829,2021-12-11 13:56:22.820,j9zBUHWfhn,com.sec.android.app.shealth,7ba8ac97-435b-6e38-111a-30a32d5cd472,1639180800000,
279552,2020-11-24 23:04:49.247,2020-11-24 13:29:19.361,j9zBUHWfhn,com.sec.android.app.shealth,23bd4bd8-4ae9-b982-fd4d-9549e451bb9c,1606176000000,
8192,2021-06-20 17:46:41.256,2021-06-20 12:16:42.292,j9zBUHWfhn,com.sec.android.app.shealth,4810e4a3-848d-1e76-fa93-b5d1dcd805fa,1624147200000,
1202176,2021-08-03 00:08:12.315,2021-08-02 12:43:45.217,j9zBUHWfhn,com.sec.android.app.shealth,a4781734-1060-1bbe-4425-870232535aeb,1627862400000,
2315264,2020-10-14 01:55:18.222,2020-10-13 12:18:11.913,j9zBUHWfhn,com.sec.android.app.shealth,adf33193-2449-d7a3-9baa-13bc3428f309,1602547200000,
3493376,2020-12-16 02:21:14.267,2020-12-15 13:10:23.070,j9zBUHWfhn,com.sec.android.app.shealth,078f0357-ad50-2430-10ee-a8e546eaec97,1607990400000,
2982912,2021-01-17 02:06:16.227,2021-01-16 14:43:44.306,j9zBUHWfhn,com.sec.android.app.shealth,290bd7f4-bd34-e1e7-e1fb-908da50396e4,1610755200000,
3387904,2021-11-16 02:30:38.236,2021-11-15 12:36:22.194,j9zBUHWfhn,com.sec.android.app.shealth,d5446023-3eae-2d4e-066e-27115063d946,1636934400000,
0,2020-10-05 19:48:06.088,2020-10-05 19:48:06.088,j9zBUHWfhn,com.sec.android.app.shealth,271c4b92-04f5-67b2-bc78-82933238a1f0,1601856000000,
4362752,2020-12-10 03:14:35.224,2020-12-09 12:40:00.256,j9zBUHWfhn,com.sec.android.app.shealth,0fd8215b-9105-65ac-9324-aa7b22f3ad93,1607472000000,
854016,2021-01-12 00:52:38.274,2021-01-11 12:43:24.795,j9zBUHWfhn,com.sec.android.app.shealth,bd96cd37-8f95-6ab6-1b3d-220a776dc312,1610323200000,
6377472,2021-01-31 03:21:46.334,2021-01-30 15:38:37.576,j9zBUHWfhn,com.sec.android.app.shealth,164ac5f1-f9b5-fabc-6161-721d08f89ee3,1611964800000,
0,2021-08-04 04:00:03.866,2021-08-04 04:00:03.865,j9zBUHWfhn,com.sec.android.app.shealth,46af0f97-381c-e379-5b8f-19fac1293b3f,1628035200000,
10133504,2021-05-10 03:08:15.232,2021-05-09 12:43:44.753,j9zBUHWfhn,com.sec.android.app.shealth,ff888e31-fefa-cb38-f3c2-40e6c8726e56,1620518400000,
2789376,2021-05-13 01:08:10.297,2021-05-12 12:38:16.210,j9zBUHWfhn,com.sec.android.app.shealth,53628138-c523-5636-56c7-fbaaaeacae65,1620777600000,
2106368,2021-07-21 01:30:25.269,2021-07-20 12:03:25.220,j9zBUHWfhn,com.sec.android.app.shealth,badf4aed-98e7-a2a8-e651-363f5d4c3153,1626739200000,
4362240,2021-06-13 02:16:39.340,2021-06-12 14:14:06.156,j9zBUHWfhn,com.sec.android.app.shealth,b2262a92-422b-4540-d6ea-cc9fe724c73a,1623456000000,
263168,2021-01-04 23:19:50.296,2021-01-04 12:34:36.450,j9zBUHWfhn,com.sec.android.app.shealth,681909e6-8bb7-6fba-7abf-c26b6966e6ec,1609718400000,
5805056,2021-10-05 02:17:35.296,2021-10-04 12:20:25.644,j9zBUHWfhn,com.sec.android.app.shealth,11768724-2c9d-6195-d9f6-3de5476b4de0,1633305600000,
4890624,2021-09-03 02:55:49.416,2021-09-02 12:51:43.540,j9zBUHWfhn,com.sec.android.app.shealth,4e691c8c-268c-af15-c0c6-1e81be2809c5,1630540800000,
115712,2020-11-09 21:23:32.620,2020-11-09 13:34:29.879,j9zBUHWfhn,com.sec.android.app.shealth,290fe129-b77c-5731-52f0-7bfeaeef5a6f,1604880000000,
2425856,2021-12-30 02:18:02.209,2021-12-29 13:31:41.145,j9zBUHWfhn,com.sec.android.app.shealth,f1c1d274-ec41-df3e-debb-f2baa37f6144,1640736000000,
2686976,2021-09-19 01:58:36.197,2021-09-18 04:00:05.985,j9zBUHWfhn,com.sec.android.app.shealth,c8a80403-c74a-6d0f-275c-f258255023fb,1631923200000,
4329472,2021-12-31 03:01:25.243,2021-12-30 13:44:27.775,j9zBUHWfhn,com.sec.android.app.shealth,80d10e72-bf5b-1120-2b51-ad322379c247,1640822400000,
109056,2021-10-25 20:52:26.610,2021-10-25 11:41:55.199,j9zBUHWfhn,com.sec.android.app.shealth,8b3e6208-e2c2-c716-a81a-3410e88e688b,1635120000000,
0,2021-11-21 01:49:53.848,2021-11-20 14:43:53.751,j9zBUHWfhn,com.sec.android.app.shealth,0beb80a1-b9bf-60c7-aeb3-4dce5d66444a,1637366400000,
164864,2021-03-06 22:50:07.229,2021-03-06 14:00:38.514,j9zBUHWfhn,com.sec.android.app.shealth,adae1fe1-2779-e9d0-3b11-6592e9e6e5b9,1614988800000,
4505600,2021-09-26 02:27:29.428,2021-09-25 13:31:26.174,j9zBUHWfhn,com.sec.android.app.shealth,9ba65ade-0fb9-3470-f7d2-654221e46146,1632528000000,
2638848,2021-11-15 02:38:27.257,2021-11-14 13:30:39.755,j9zBUHWfhn,com.sec.android.app.shealth,c62a57fb-ca65-81f7-93f1-573aa32733df,1636848000000,
0,2021-08-05 04:00:07.631,2021-08-05 04:00:07.630,j9zBUHWfhn,com.sec.android.app.shealth,489612f9-9b65-bf10-2e06-6cfba0de3bc3,1628121600000,
4456448,2021-10-31 02:25:38.260,2021-10-30 13:05:53.421,j9zBUHWfhn,com.sec.android.app.shealth,746b47c2-3c4c-f0da-b226-eafc4056225e,1635552000000,
755712,2021-12-10 00:20:38.217,2021-12-09 13:08:07.770,j9zBUHWfhn,com.sec.android.app.shealth,65c820fd-21b5-15c1-fab3-1b5699396ede,1639008000000,
1216512,2021-10-06 00:31:23.311,2021-10-05 12:16:51.563,j9zBUHWfhn,com.sec.android.app.shealth,c8648406-c5e2-e06e-206a-3721d71c7b04,1633392000000,
102400,2020-10-30 20:46:01.650,2020-10-30 12:00:21.774,j9zBUHWfhn,com.sec.android.app.shealth,3f6e40bd-58b7-82cd-cf0f-09409fbe7b0f,1604016000000,
16384,2021-01-05 19:58:54.564,2021-01-05 13:32:14.088,j9zBUHWfhn,com.sec.android.app.shealth,062e7f26-48b3-2147-8032-37ecc9396b04,1609804800000,
147456,2020-10-31 21:34:04.260,2020-10-31 12:57:18.631,j9zBUHWfhn,com.sec.android.app.shealth,1692f82c-d48e-9af3-3ec3-b64e77c18425,1604102400000,
1392640,2020-10-25 00:39:12.321,2020-10-24 13:01:26.940,j9zBUHWfhn,com.sec.android.app.shealth,cc67c721-48f0-d177-8850-cf0a0f88ddc8,1603497600000,
2740224,2021-05-06 01:38:14.253,2021-05-05 12:32:23.571,j9zBUHWfhn,com.sec.android.app.shealth,c09cce4e-9c97-2619-e2de-5676cfb9c209,1620172800000,
2183168,2021-08-23 01:12:06.271,2021-08-22 04:00:04.577,j9zBUHWfhn,com.sec.android.app.shealth,3038fed4-1256-55e2-17dc-e725a13602dc,1629590400000,
2048,2021-07-24 15:37:37.292,2021-07-24 12:37:54.998,j9zBUHWfhn,com.sec.android.app.shealth,ad8d2bf4-0f2e-0d61-d5dd-28c284066962,1627084800000,
11177984,2022-01-29 04:49:48.268,2022-01-28 13:11:15.434,j9zBUHWfhn,com.sec.android.app.shealth,9e3262c0-b7dd-9def-2763-8ca7284a7db4,1643328000000,
2263040,2020-11-28 02:42:24.274,2020-11-27 15:06:56.437,j9zBUHWfhn,com.sec.android.app.shealth,15b57c31-1141-f285-e009-f6ce21cdecf9,1606435200000,
17408,2021-07-26 18:11:47.609,2021-07-26 12:40:19.583,j9zBUHWfhn,com.sec.android.app.shealth,7851f45a-9bfa-6b26-5320-d66a5bf6be4b,1627257600000,
5505024,2020-12-25 03:30:49.243,2020-12-24 14:46:34.807,j9zBUHWfhn,com.sec.android.app.shealth,ebb94553-8b36-2315-de54-7a56d2788ade,1608768000000,
2297856,2021-02-01 02:50:31.325,2021-01-31 15:17:57.622,j9zBUHWfhn,com.sec.android.app.shealth,607711fe-dbd6-04d5-c310-8f7933b5d60b,1612051200000,
16384,2021-07-25 18:58:59.242,2021-07-25 13:13:18.672,j9zBUHWfhn,com.sec.android.app.shealth,9f21d571-e3aa-f322-33a1-74d52dd43262,1627171200000,
4802560,2021-04-03 02:08:36.254,2021-04-02 12:12:15.198,j9zBUHWfhn,com.sec.android.app.shealth,6c13ebe0-b494-b414-36b9-5a87b4bfdad2,1617321600000,
7168,2021-01-12 17:42:01.358,2021-01-12 13:16:59.437,j9zBUHWfhn,com.sec.android.app.shealth,967d8073-97f2-33b6-8557-b781400d9529,1610409600000,
7115264,2022-01-08 03:50:45.332,2022-01-07 13:08:26.813,j9zBUHWfhn,com.sec.android.app.shealth,1e230263-18dc-6db6-a6de-ed9c7d17ee62,1641513600000,
250880,2021-03-31 21:34:21.276,2021-03-31 12:37:20.379,j9zBUHWfhn,com.sec.android.app.shealth,711e5b49-1e2c-bbf4-363e-fd9030737f7f,1617148800000,
2195456,2020-12-21 02:02:29.892,2020-12-20 14:37:03.515,j9zBUHWfhn,com.sec.android.app.shealth,919f71fc-f01d-bce0-371d-f17ac59a5204,1608422400000,
2195456,2020-10-09 01:39:14.270,2020-10-08 16:14:22.012,j9zBUHWfhn,com.sec.android.app.shealth,6c1484e8-e6ea-1607-7c61-70cf8340ff35,1602115200000,
2958336,2022-02-04 02:00:11.226,2022-02-03 13:05:42.700,j9zBUHWfhn,com.sec.android.app.shealth,9f64e273-8621-67ec-71c1-81f00ce28afa,1643846400000,
83968,2021-06-21 20:47:40.521,2021-06-21 12:08:05.745,j9zBUHWfhn,com.sec.android.app.shealth,61d6bbae-3c85-6319-5ad8-23fad48c0bc7,1624233600000,
2686976,2021-09-12 01:59:13.297,2021-09-11 14:49:43.627,j9zBUHWfhn,com.sec.android.app.shealth,4ee00560-505a-8d2a-ffef-e5d354b3da2b,1631318400000,
299008,2022-02-19 23:25:52.234,2022-02-19 13:30:10.294,j9zBUHWfhn,com.sec.android.app.shealth,885de9bd-c497-3220-fda5-d0ddc687258b,1645228800000,
183296,2021-07-08 21:52:01.241,2021-07-08 12:34:02.687,j9zBUHWfhn,com.sec.android.app.shealth,56cf5e2b-d016-eebb-6323-bae49f39dc50,1625702400000,
103424,2021-11-18 21:24:40.695,2021-11-18 13:21:32.140,j9zBUHWfhn,com.sec.android.app.shealth,c0c9ed61-6e95-c2a5-64c8-6c81e67dbcd5,1637193600000,
4528128,2021-11-27 03:02:26.277,2021-11-26 13:32:59.427,j9zBUHWfhn,com.sec.android.app.shealth,5b72db3d-1e9d-d138-4d42-095fe7a3a94b,1637884800000,
2772992,2021-12-21 02:44:14.298,2021-12-20 13:12:21.248,j9zBUHWfhn,com.sec.android.app.shealth,f70a455e-307c-10b2-02e5-eb0b02ce0e32,1639958400000,
4376576,2021-11-20 03:11:21.238,2021-11-19 13:16:20.465,j9zBUHWfhn,com.sec.android.app.shealth,3b701860-9714-09fc-34a2-37b3165b4402,1637280000000,
5242880,2021-12-05 03:41:58.289,2021-12-04 12:07:09.166,j9zBUHWfhn,com.sec.android.app.shealth,c714643b-f75c-46c1-27b4-1627a0105766,1638576000000,
0,2021-02-09 13:24:37.462,2021-02-09 13:24:37.462,j9zBUHWfhn,com.sec.android.app.shealth,032731d0-c459-7fd4-6a54-128314dda361,1612828800000,
2151424,2020-11-18 02:35:16.265,2020-11-17 13:54:48.464,j9zBUHWfhn,com.sec.android.app.shealth,36584902-e3f3-1d38-6892-8e6b65294324,1605571200000,
5373952,2021-05-02 02:38:29.250,2021-05-01 12:30:58.078,j9zBUHWfhn,com.sec.android.app.shealth,48647278-28aa-6bd2-5747-0794c021a385,1619827200000,
216064,2021-07-06 21:44:28.290,2021-07-06 12:00:59.559,j9zBUHWfhn,com.sec.android.app.shealth,ef64db35-0dbf-3a10-f47b-d03375e7d5eb,1625529600000,
1196032,2021-01-04 01:32:27.345,2021-01-03 14:55:03.019,j9zBUHWfhn,com.sec.android.app.shealth,ac18445f-bb93-c164-e317-91017a293846,1609632000000,
1398784,2021-10-29 00:21:22.237,2021-10-28 12:01:49.228,j9zBUHWfhn,com.sec.android.app.shealth,45bfcd23-deaa-189f-f14c-cdd7ff8713f8,1635379200000,
2445312,2021-11-04 01:20:34.287,2021-11-03 12:11:23.604,j9zBUHWfhn,com.sec.android.app.shealth,a74832af-f8a3-f9b8-463c-b8c71e5a6c91,1635897600000,
709632,2022-03-01 00:26:37.290,2022-02-28 13:04:32.353,j9zBUHWfhn,com.sec.android.app.shealth,ee328f14-56c6-da5d-792b-5d4d55385a86,1646006400000,
2265088,2021-02-11 02:20:56.256,2021-02-10 13:19:43.715,j9zBUHWfhn,com.sec.android.app.shealth,bdeb36fe-16c8-2e33-952d-763bb906f8fd,1612915200000,
262144,2022-03-06 11:23:11.217,2022-03-06 02:01:41.034,j9zBUHWfhn,com.sec.android.app.shealth,66295d36-a280-990c-a49c-acc312ee8440,1646524800000,
3179520,2022-01-31 02:31:18.252,2022-01-30 13:06:26.949,j9zBUHWfhn,com.sec.android.app.shealth,5abab2f7-5a18-3ad0-14ed-bfcf3cc0665e,1643500800000,
196608,2022-03-12 10:22:32.237,2022-03-12 01:06:42.032,j9zBUHWfhn,com.sec.android.app.shealth,ccf80a16-2391-5c4d-4257-3529a97fc5b6,1647043200000,
2048,2022-03-01 16:03:00.880,2022-03-01 11:32:57.253,j9zBUHWfhn,com.sec.android.app.shealth,51968cbf-f9b3-3e75-681f-a6d4518ac245,1646092800000,
6455296,2022-03-19 02:50:30.235,2022-03-17 15:00:07.705,j9zBUHWfhn,com.sec.android.app.shealth,9ae34b65-47d0-abac-b0ea-7d6f1f01a1f9,1647561600000,
33024,2022-03-07 08:04:12.629,2022-03-06 21:41:21.305,j9zBUHWfhn,com.sec.android.app.shealth,3018390c-e8b0-db14-abd8-4a4afd9e51e1,1646611200000,
476160,2022-03-24 22:42:31.231,2022-03-24 11:35:07.611,j9zBUHWfhn,com.sec.android.app.shealth,18fe43a7-b3e8-6bb5-65f4-7dac55679874,1648080000000,
270848,2022-03-13 11:39:56.286,2022-03-12 23:29:11.776,j9zBUHWfhn,com.sec.android.app.shealth,e49bcf5c-c051-c845-0fb9-674dfbcfe5ab,1647129600000,
2117632,2020-11-17 02:55:50.230,2020-11-16 15:50:02.665,j9zBUHWfhn,com.sec.android.app.shealth,c7fe473c-66ab-4d27-2f18-2d86181df715,1605484800000,
147456,2022-03-19 21:23:31.282,2022-03-19 13:38:46.908,j9zBUHWfhn,com.sec.android.app.shealth,294df29d-eaf4-923f-bf33-cace1a41fb3f,1647648000000,
5341185,2021-07-12 02:35:02.288,2021-07-11 04:00:05.804,j9zBUHWfhn,com.sec.android.app.shealth,20cfcb82-1b46-9eb5-8494-5e63c827eafa,1625961600000,
4362240,2022-03-26 02:19:59.426,2022-03-25 11:43:00.582,j9zBUHWfhn,com.sec.android.app.shealth,617310a2-c030-f1d7-75bb-f0e6d650c2c0,1648166400000,
1048576,2020-11-08 01:58:57.233,2020-11-07 14:03:56.785,j9zBUHWfhn,com.sec.android.app.shealth,2d87ef1f-3474-cccb-fcc8-d82c74c76aff,1604707200000,
100352,2021-08-07 20:52:09.253,2021-08-07 12:46:10.167,j9zBUHWfhn,com.sec.android.app.shealth,2ce52249-af8d-045c-295c-df35a8e2e6b9,1628294400000,
1724416,2021-02-23 01:00:07.233,2021-02-22 13:18:10.941,j9zBUHWfhn,com.sec.android.app.shealth,e889b333-b159-b4a4-3f53-f1f9b0cd85af,1613952000000,
4497408,2022-01-02 03:20:27.269,2022-01-01 05:00:05.816,j9zBUHWfhn,com.sec.android.app.shealth,5d562953-e410-6117-6845-5f3754a25f40,1640995200000,
168960,2020-10-27 21:23:16.221,2020-10-27 12:53:22.410,j9zBUHWfhn,com.sec.android.app.shealth,c5f11533-8b78-cf2a-2fd9-6bf5631f7f85,1603756800000,
4360704,2020-11-14 03:39:51.219,2020-11-13 12:34:04.407,j9zBUHWfhn,com.sec.android.app.shealth,7fcdee70-4bb0-8906-e00a-5ddadcf88c54,1605225600000,
0,2021-01-18 13:38:57.707,2021-01-18 13:38:57.707,j9zBUHWfhn,com.sec.android.app.shealth,9ccd3ede-0bea-36d9-4cc8-280269b28028,1610928000000,
10693632,2022-02-12 04:25:31.267,2022-02-11 13:06:02.817,j9zBUHWfhn,com.sec.android.app.shealth,d30422e8-89b2-a3f4-b092-8e9f0f52f386,1644537600000,
54272,2020-12-07 20:33:01.530,2020-12-07 13:16:34.179,j9zBUHWfhn,com.sec.android.app.shealth,f026350c-35fa-e677-9014-2e6ae07abc6f,1607299200000,
151552,2021-11-05 21:34:36.230,2021-11-05 12:21:24.693,j9zBUHWfhn,com.sec.android.app.shealth,49fb0e2b-db42-de31-3a1b-ff5aa3c6206a,1636070400000,
438272,2021-01-24 23:32:09.258,2021-01-24 15:01:29.079,j9zBUHWfhn,com.sec.android.app.shealth,2f2dcd61-fed6-a20f-a0b9-e3757c1dfb5e,1611446400000,
2497024,2021-04-18 01:10:27.205,2021-04-17 12:00:21.917,j9zBUHWfhn,com.sec.android.app.shealth,78ddb39c-cddd-f0a5-22b8-7d8b464c3253,1618617600000,
0,2021-02-01 13:18:08.879,2021-02-01 13:18:08.879,j9zBUHWfhn,com.sec.android.app.shealth,7be0804b-9faa-6881-7862-5d473c738307,1612137600000,
2280448,2021-06-19 01:58:46.253,2021-06-18 12:34:53.766,j9zBUHWfhn,com.sec.android.app.shealth,f0138030-97bb-d926-9d65-6648bf2a7cf5,1623974400000,
262144,2020-10-03 22:30:34.286,2020-10-03 13:16:36.089,j9zBUHWfhn,com.sec.android.app.shealth,18b82b96-13d6-42c9-a95e-a6f285e52675,1601683200000,
648192,2021-02-05 00:00:54.212,2021-02-04 13:36:28.931,j9zBUHWfhn,com.sec.android.app.shealth,13ff9e82-cd4f-7726-5fa7-a7bd52154e16,1612396800000,
1254400,2021-10-20 00:03:05.254,2021-10-19 12:06:37.358,j9zBUHWfhn,com.sec.android.app.shealth,cf25b82f-5b48-f73b-3976-dfaf56fd09f2,1634601600000,
151552,2021-01-08 22:03:37.437,2021-01-08 12:51:51.024,j9zBUHWfhn,com.sec.android.app.shealth,fcdbc88a-af67-d032-73ae-a42eb355cfdf,1610064000000,
5919744,2021-01-27 03:11:40.220,2021-01-26 13:34:43.730,j9zBUHWfhn,com.sec.android.app.shealth,7497a80d-618b-c222-16ad-7210e07da46a,1611619200000,
6852608,2020-10-01 02:34:39.865,2020-09-30 12:22:54.434,j9zBUHWfhn,com.sec.android.app.shealth,625f8b58-00c2-e623-c493-37c4af35f04e,1601424000000,
4277248,2021-05-26 02:22:03.293,2021-05-25 12:35:34.954,j9zBUHWfhn,com.sec.android.app.shealth,e120d727-e137-de90-3455-aa276f157b5e,1621900800000,
663552,2021-02-15 00:59:54.226,2021-02-14 13:56:45.769,j9zBUHWfhn,com.sec.android.app.shealth,cd166b38-6461-26e0-7eb2-2ac59e8f1b8a,1613260800000,
671744,2021-01-02 00:27:52.234,2021-01-01 15:33:41.887,j9zBUHWfhn,com.sec.android.app.shealth,36e93a81-962c-0ab9-3132-5741677f1e8f,1609459200000,
2229248,2021-05-12 01:03:06.254,2021-05-11 12:33:51.048,j9zBUHWfhn,com.sec.android.app.shealth,f2a487be-dfdf-1e52-cb65-8e6697af85d8,1620691200000,
2359296,2022-01-04 02:08:57.257,2022-01-03 15:43:56.142,j9zBUHWfhn,com.sec.android.app.shealth,fc29a028-acee-2d49-dfac-91b8abe32bfe,1641168000000,
2165760,2020-10-21 01:03:37.241,2020-10-20 12:48:08.937,j9zBUHWfhn,com.sec.android.app.shealth,b6330957-1da2-6d5a-7c8b-571a5874e79f,1603152000000,
167936,2020-11-04 22:21:54.223,2020-11-04 13:43:41.741,j9zBUHWfhn,com.sec.android.app.shealth,c1e0ddfa-7e25-a1ca-2080-755d956af570,1604448000000,
70656,2021-05-20 20:40:10.614,2021-05-20 12:26:21.359,j9zBUHWfhn,com.sec.android.app.shealth,39c64dea-9571-f36f-e057-7df85e07a590,1621468800000,
610304,2021-01-29 00:09:20.202,2021-01-28 05:00:05.653,j9zBUHWfhn,com.sec.android.app.shealth,e9d2d05d-b682-ff60-4149-03645549af90,1611792000000,
3296256,2022-02-11 02:11:04.215,2022-02-10 13:21:12.369,j9zBUHWfhn,com.sec.android.app.shealth,0ec63c09-ba6b-5dfe-408f-fe1d24cceaca,1644451200000,
0,2020-12-30 13:38:13.984,2020-12-30 13:38:13.983,j9zBUHWfhn,com.sec.android.app.shealth,e26b7a17-112d-1b68-b68d-59887c919a00,1609286400000,
75776,2021-04-16 20:43:36.621,2021-04-16 12:08:57.182,j9zBUHWfhn,com.sec.android.app.shealth,4fb507ff-b26c-2117-3446-b8ae972e7579,1618531200000,
2228224,2021-01-03 02:12:39.248,2021-01-02 14:32:18.333,j9zBUHWfhn,com.sec.android.app.shealth,9ff646fb-14f7-c119-00c1-6767c3929996,1609545600000,
1186816,2021-10-21 00:23:44.231,2021-10-20 11:18:31.167,j9zBUHWfhn,com.sec.android.app.shealth,61e9cfe0-56ad-1fed-de0c-eb9fcea16b8b,1634688000000,
1394688,2021-08-25 00:42:17.413,2021-08-24 12:34:39.505,j9zBUHWfhn,com.sec.android.app.shealth,8831d7da-bf85-e31f-f60c-441004b5dd7a,1629763200000,
294912,2021-07-10 22:08:48.198,2021-07-10 13:34:32.350,j9zBUHWfhn,com.sec.android.app.shealth,279037bb-a9c7-07b2-2722-aaa632409f03,1625875200000,
1348096,2020-12-23 01:51:44.219,2020-12-22 13:09:26.606,j9zBUHWfhn,com.sec.android.app.shealth,58d009e6-d6bb-4f9e-e974-56954e29a20c,1608595200000,
1214976,2021-12-03 01:28:07.245,2021-12-02 13:01:53.458,j9zBUHWfhn,com.sec.android.app.shealth,817d82b5-fdb5-c51b-3d5f-53c974cdaba1,1638403200000,
1318914,2021-06-07 00:36:29.188,2021-06-06 04:00:05.092,j9zBUHWfhn,com.sec.android.app.shealth,1a748f5b-1749-cdff-f9ef-c926ba31dc06,1622937600000,
3183616,2020-12-04 02:12:37.340,2020-12-03 13:26:46.186,j9zBUHWfhn,com.sec.android.app.shealth,c8b378c8-0130-b9d0-1f8a-ec2bdfa8cede,1606953600000,
32768,2020-11-03 20:31:37.563,2020-11-03 13:35:47.900,j9zBUHWfhn,com.sec.android.app.shealth,ca01bda4-d2f0-118a-fa33-dde9f610e6c2,1604361600000,
2266112,2021-05-25 01:00:32.260,2021-05-24 12:35:52.869,j9zBUHWfhn,com.sec.android.app.shealth,76f62505-089f-367c-f52d-4f9c2d597943,1621814400000,
2267136,2021-01-20 02:15:41.238,2021-01-19 13:04:03.972,j9zBUHWfhn,com.sec.android.app.shealth,e5575c36-97a7-6eee-6ce5-928c201c9078,1611014400000,
282624,2021-04-13 22:35:38.251,2021-04-13 12:28:21.668,j9zBUHWfhn,com.sec.android.app.shealth,eade7397-6a84-4909-9438-ca7c9c2b38f0,1618272000000,
1081344,2020-11-02 01:33:43.215,2020-11-01 14:34:53.294,j9zBUHWfhn,com.sec.android.app.shealth,9c21c107-03c7-d5df-2002-7cc2e20cf17a,1604188800000,
102400,2020-12-18 21:30:24.578,2020-12-18 13:12:24.918,j9zBUHWfhn,com.sec.android.app.shealth,85bbcacf-0111-e928-8def-15760896e5a3,1608249600000,
1597952,2021-12-24 01:19:26.312,2021-12-23 13:06:54.729,j9zBUHWfhn,com.sec.android.app.shealth,0e0762a7-d9dc-0b23-cb10-ec9714cb9256,1640217600000,
5242880,2021-06-15 02:26:53.225,2021-06-14 12:31:27.399,j9zBUHWfhn,com.sec.android.app.shealth,32145482-48b8-b0c2-b96a-ae2414a0fe41,1623628800000,
8593408,2021-12-25 04:00:03.202,2021-12-24 16:50:50.895,j9zBUHWfhn,com.sec.android.app.shealth,ee835450-8ec6-fe13-b3c5-af56b74eb89c,1640304000000,
4728832,2022-02-13 03:06:51.257,2022-02-12 13:48:55.776,j9zBUHWfhn,com.sec.android.app.shealth,260b77ec-282c-750c-21c6-254e660a7d06,1644624000000,
8397824,2021-07-04 03:19:07.226,2021-07-03 12:15:24.393,j9zBUHWfhn,com.sec.android.app.shealth,4502883f-7396-bba6-670a-56a3b4d8f5e7,1625270400000,
8586752,2020-12-30 04:01:43.259,2020-12-29 13:19:47.084,j9zBUHWfhn,com.sec.android.app.shealth,20445bc6-49d7-11b4-4560-a0568e3ce076,1609200000000,
5476352,2021-08-21 02:01:49.380,2021-08-20 11:50:18.283,j9zBUHWfhn,com.sec.android.app.shealth,50ff9dd4-5854-0b9e-a6e0-3990b11bd23d,1629417600000,
2048,2021-10-08 15:12:28.574,2021-10-08 12:39:24.150,j9zBUHWfhn,com.sec.android.app.shealth,3e5d9240-42df-c83f-1936-6c8b39331cd4,1633651200000,
1201152,2021-04-08 00:44:44.197,2021-04-07 12:24:36.050,j9zBUHWfhn,com.sec.android.app.shealth,06df9c07-c470-af99-8e04-010142e421e0,1617753600000,
5449728,2021-02-20 03:08:52.295,2021-02-19 13:18:48.535,j9zBUHWfhn,com.sec.android.app.shealth,1350d7a5-ee85-481d-6f22-6c6aa92ab41a,1613692800000,
1232896,2021-12-17 01:50:58.260,2021-12-16 13:21:49.415,j9zBUHWfhn,com.sec.android.app.shealth,0851bec1-e5c3-cb1c-d09f-58ec253eb5e9,1639612800000,
1380352,2021-01-01 01:48:19.321,2020-12-31 14:15:32.820,j9zBUHWfhn,com.sec.android.app.shealth,53badb60-2a8a-a5f1-84dd-19859185bd8a,1609372800000,
2267136,2021-12-22 02:28:03.217,2021-12-21 13:19:30.748,j9zBUHWfhn,com.sec.android.app.shealth,b948ce36-8a3a-d683-3025-cee7e538b08d,1640044800000,
4476928,2022-02-19 03:10:27.234,2022-02-18 13:39:08.963,j9zBUHWfhn,com.sec.android.app.shealth,33e83612-64c4-fd7f-2f90-5c39040ae9f5,1645142400000,
2166784,2021-04-10 01:27:49.286,2021-04-09 13:02:25.904,j9zBUHWfhn,com.sec.android.app.shealth,5059778f-3472-ec14-9c33-699bd8085ab5,1617926400000,
1315840,2021-03-05 01:51:39.245,2021-03-04 13:25:09.712,j9zBUHWfhn,com.sec.android.app.shealth,19bf0d7e-b06e-99a5-db5c-010b97a4d5a8,1614816000000,
131072,2021-10-09 15:33:15.202,2021-10-09 04:00:05.371,j9zBUHWfhn,com.sec.android.app.shealth,c70882c4-3058-37ad-7be3-c332fc3614d9,1633737600000,
344064,2020-11-10 23:23:54.226,2020-11-10 17:11:18.908,j9zBUHWfhn,com.sec.android.app.shealth,4ed602bf-ccf3-4770-491e-d4abd1cf73ec,1604966400000,
3444736,2021-05-11 01:31:15.254,2021-05-10 12:33:23.227,j9zBUHWfhn,com.sec.android.app.shealth,51e63f38-3a02-0187-a301-a539283319c3,1620604800000,
6588416,2021-11-26 03:15:22.271,2021-11-25 13:28:12.172,j9zBUHWfhn,com.sec.android.app.shealth,8cb1c105-6571-eff3-ade5-5dd798ceb73c,1637798400000,
3040256,2021-11-22 02:27:54.232,2021-11-21 13:23:08.123,j9zBUHWfhn,com.sec.android.app.shealth,72034e5a-f6e9-2a0a-5fcc-e0fc69e5e093,1637452800000,
2883586,2021-11-08 02:42:06.226,2021-11-07 04:00:05.061,j9zBUHWfhn,com.sec.android.app.shealth,027d6a09-d769-6bc0-63a9-4e6fc498f7d3,1636243200000,
559104,2021-06-09 23:25:06.222,2021-06-09 12:38:33.191,j9zBUHWfhn,com.sec.android.app.shealth,b6d70131-7b18-65d6-caf1-5f11a4a17176,1623196800000,
331776,2021-04-12 22:05:56.277,2021-04-12 12:22:38.658,j9zBUHWfhn,com.sec.android.app.shealth,4dbea293-a15f-995b-3898-62ae88089345,1618185600000,
4263936,2021-06-29 02:53:40.239,2021-06-28 13:50:42.201,j9zBUHWfhn,com.sec.android.app.shealth,0946afbe-0dc8-b93e-d5a6-3706a3f84552,1624838400000,
659968,2021-07-13 23:23:10.226,2021-07-13 11:58:44.318,j9zBUHWfhn,com.sec.android.app.shealth,3120adfd-c57a-cc24-6b78-d2a368ba7572,1626134400000,
8393728,2021-08-01 03:26:59.245,2021-07-31 12:59:23.444,j9zBUHWfhn,com.sec.android.app.shealth,aad1b7dd-0a66-45bb-e50c-21878a08dd0b,1627689600000,
294912,2020-12-16 23:04:14.286,2020-12-16 19:09:39.499,j9zBUHWfhn,com.sec.android.app.shealth,da05da3c-161a-59a6-53b1-64375d0f9a55,1608076800000,
1348096,2022-02-09 01:16:07.260,2022-02-08 12:49:53.506,j9zBUHWfhn,com.sec.android.app.shealth,ce73a436-00de-4f5b-47c3-786c8ada8c95,1644278400000,
526336,2021-04-18 23:41:48.375,2021-04-18 11:32:48.586,j9zBUHWfhn,com.sec.android.app.shealth,51e523bf-7c44-96c8-d040-10dc700bcbe4,1618704000000,
872448,2022-01-07 00:45:05.226,2022-01-06 13:31:44.361,j9zBUHWfhn,com.sec.android.app.shealth,eb26bddd-0921-9eab-dd10-4549d0b031fa,1641427200000,
2446336,2021-08-12 01:47:15.243,2021-08-11 12:45:04.302,j9zBUHWfhn,com.sec.android.app.shealth,752b2cff-58dc-33d4-09b0-d1c4717572d9,1628640000000,
65536,2021-07-18 20:26:51.256,2021-07-18 13:13:58.601,j9zBUHWfhn,com.sec.android.app.shealth,43679b27-8438-e4fd-df5c-ab58e17034eb,1626566400000,
0,2020-12-02 12:47:52.249,2020-12-02 12:47:52.249,j9zBUHWfhn,com.sec.android.app.shealth,97a93883-e886-2508-f8d1-e123299635f7,1606867200000,
4227072,2021-12-28 03:09:27.195,2021-12-27 14:05:47.464,j9zBUHWfhn,com.sec.android.app.shealth,9c788e91-83e3-bfbc-4907-0288f404b7e1,1640563200000,
4231168,2021-07-02 02:09:36.242,2021-07-01 13:19:57.460,j9zBUHWfhn,com.sec.android.app.shealth,53c2a8ba-2728-3ad7-0ed7-3b285fd60709,1625097600000,
1216512,2021-08-26 00:24:35.292,2021-08-25 12:05:44.653,j9zBUHWfhn,com.sec.android.app.shealth,86455b82-0bd3-6d33-142c-91c631aad493,1629849600000,
347136,2021-06-30 22:02:02.234,2021-06-30 12:24:56.812,j9zBUHWfhn,com.sec.android.app.shealth,64aa599c-bc7b-074b-1430-fb263f241fb6,1625011200000,
6379520,2021-01-10 03:15:24.281,2021-01-09 13:51:26.296,j9zBUHWfhn,com.sec.android.app.shealth,5780ce8a-cac8-dac8-35b8-865fee1026c8,1610150400000,
4530176,2021-12-18 03:52:13.280,2021-12-17 13:32:18.579,j9zBUHWfhn,com.sec.android.app.shealth,330637ba-b535-50cc-a90c-7862872da8f7,1639699200000,
9503744,2021-04-04 03:07:32.754,2021-04-03 13:01:36.918,j9zBUHWfhn,com.sec.android.app.shealth,668c9aec-3b1e-1eb7-6cbd-9b9cda109d3f,1617408000000,
4740096,2021-02-14 03:48:21.221,2021-02-13 14:13:49.835,j9zBUHWfhn,com.sec.android.app.shealth,e7a4c31e-8d76-6aff-3f43-6b95a022bfdf,1613174400000,
69632,2021-07-29 20:25:41.602,2021-07-29 04:00:05.348,j9zBUHWfhn,com.sec.android.app.shealth,b27bb690-9124-3591-a9ea-c53802037ae0,1627516800000,
2166784,2020-12-28 02:12:06.206,2020-12-27 14:31:53.292,j9zBUHWfhn,com.sec.android.app.shealth,7d23d90a-6eb6-a493-033e-dedd9ff8e480,1609027200000,
70656,2021-07-22 20:41:39.605,2021-07-22 12:21:19.179,j9zBUHWfhn,com.sec.android.app.shealth,738f6acf-cb85-2b2b-85e0-76c11d6a4a48,1626912000000,
2804736,2021-11-11 02:27:40.427,2021-11-10 12:24:14.470,j9zBUHWfhn,com.sec.android.app.shealth,b25a0515-73a6-5441-0e16-59d5666a6b19,1636502400000,
315392,2021-06-10 22:41:34.262,2021-06-10 12:34:50.537,j9zBUHWfhn,com.sec.android.app.shealth,12d5b6dd-b5bf-ed31-3766-1739d6993656,1623283200000,
86016,2021-11-09 21:25:38.634,2021-11-09 12:24:29.144,j9zBUHWfhn,com.sec.android.app.shealth,83f15241-a213-5932-ae15-d8610dc1fc99,1636416000000,
5390336,2021-06-02 02:41:34.275,2021-06-01 12:37:35.554,j9zBUHWfhn,com.sec.android.app.shealth,61de4f0c-150d-3512-5f94-cc7bf68d0992,1622505600000,
1114112,2021-01-30 01:51:18.206,2021-01-29 13:38:44.381,j9zBUHWfhn,com.sec.android.app.shealth,b6ca922b-87de-c157-9806-8cdabe7c7144,1611878400000,
1132544,2021-04-15 00:31:49.303,2021-04-14 12:17:11.466,j9zBUHWfhn,com.sec.android.app.shealth,6dd12cba-5356-7972-f179-2992fd1d2c2d,1618358400000,
4936704,2022-01-28 03:32:51.253,2022-01-27 13:09:54.431,j9zBUHWfhn,com.sec.android.app.shealth,391aa82c-d6ad-081d-a61e-8186aca252ba,1643241600000,
737280,2021-01-18 00:51:04.257,2021-01-17 13:23:33.863,j9zBUHWfhn,com.sec.android.app.shealth,89809ed5-a6c9-bd2d-2566-48c06ca2dd7d,1610841600000,
12668928,2021-08-29 03:50:29.223,2021-08-28 13:21:04.447,j9zBUHWfhn,com.sec.android.app.shealth,28b463d8-17fa-9198-077c-856df2f79fa2,1630108800000,
2247168,2021-10-27 01:41:24.311,2021-10-26 11:45:11.772,j9zBUHWfhn,com.sec.android.app.shealth,1f06c068-0b21-b746-29cb-113dd9120507,1635206400000,
3428352,2021-05-14 01:15:25.296,2021-05-13 12:32:21.597,j9zBUHWfhn,com.sec.android.app.shealth,4a8fb254-1f24-37b3-5b6e-d26fd1177797,1620864000000,
4784128,2020-11-23 03:42:18.243,2020-11-22 15:29:37.963,j9zBUHWfhn,com.sec.android.app.shealth,7e77b501-7fac-aeab-1f40-6bdf0b10dae2,1606003200000,
13631488,2021-09-04 03:11:48.243,2021-09-03 22:34:41.728,j9zBUHWfhn,com.sec.android.app.shealth,c7a067e8-ba0c-7dd0-1e93-553a15ba3f79,1630627200000,
1201152,2021-04-06 00:32:52.268,2021-04-05 12:26:25.958,j9zBUHWfhn,com.sec.android.app.shealth,4f56eef2-d768-436c-b5d3-7eb4a3413a53,1617580800000,
1581056,2021-10-18 00:35:05.232,2021-10-17 06:54:27.350,j9zBUHWfhn,com.sec.android.app.shealth,b5264282-3107-9e50-81a8-d37312e443e2,1634428800000,
2690048,2021-07-24 01:48:57.218,2021-07-23 12:31:40.073,j9zBUHWfhn,com.sec.android.app.shealth,e2e45db6-c026-593f-0810-99903327b639,1626998400000,
34816,2021-06-24 19:53:19.608,2021-06-24 13:00:25.367,j9zBUHWfhn,com.sec.android.app.shealth,285dc0a0-a32d-85ab-a382-f06b8661d4aa,1624492800000,
6563840,2022-01-09 03:20:10.228,2022-01-08 14:03:43.583,j9zBUHWfhn,com.sec.android.app.shealth,27877003-4c91-130e-9b38-5dbf6c454e32,1641600000000,
1398784,2022-01-20 01:05:12.235,2022-01-19 12:53:48.249,j9zBUHWfhn,com.sec.android.app.shealth,b7294a53-9ba0-b1cf-295b-532b58b70f06,1642550400000,
1393664,2021-11-09 01:43:36.287,2021-11-08 12:42:42.011,j9zBUHWfhn,com.sec.android.app.shealth,f2981739-c900-c541-7006-a7a984345b1c,1636329600000,
3181568,2020-10-29 01:29:00.949,2020-10-28 12:32:22.240,j9zBUHWfhn,com.sec.android.app.shealth,088e1903-4ec9-2a0a-8f8f-48fe3b53d31b,1603843200000,
5244928,2021-06-26 02:27:48.018,2021-06-25 12:33:30.637,j9zBUHWfhn,com.sec.android.app.shealth,44472c80-8175-7d12-6cc7-4b1bfde550ca,1624579200000,
2167808,2021-03-30 01:56:02.231,2021-03-29 12:38:05.122,j9zBUHWfhn,com.sec.android.app.shealth,f8bf77c8-320a-f007-282d-828061fbdf81,1616976000000,
2359296,2020-10-05 01:01:32.287,2020-10-04 12:49:54.159,j9zBUHWfhn,com.sec.android.app.shealth,ebd28df0-de0e-3455-9dd1-54006ba029ee,1601769600000,
5407744,2021-01-24 03:01:40.266,2021-01-23 14:40:02.539,j9zBUHWfhn,com.sec.android.app.shealth,cfdad266-78c2-f3ef-eccb-07e161ad128c,1611360000000,
4937728,2022-01-06 03:03:59.341,2022-01-05 13:00:45.721,j9zBUHWfhn,com.sec.android.app.shealth,43a788c4-24fd-2ea7-b1ca-27d011562e85,1641340800000,
3474432,2021-09-15 01:35:07.190,2021-09-14 12:12:42.815,j9zBUHWfhn,com.sec.android.app.shealth,0605e07e-6616-6e4e-e530-1db999e44c2c,1631577600000,
2294784,2021-06-09 01:36:13.234,2021-06-08 12:35:36.281,j9zBUHWfhn,com.sec.android.app.shealth,e1898dd8-1462-bd78-c646-be6b50e7306e,1623110400000,
1390592,2022-02-15 01:06:12.227,2022-02-14 13:10:08.658,j9zBUHWfhn,com.sec.android.app.shealth,d9aa7392-02a1-20a3-06f2-a5b7782ade3d,1644796800000,
378880,2021-02-02 23:03:58.333,2021-02-02 13:04:46.643,j9zBUHWfhn,com.sec.android.app.shealth,b38b9efa-e07d-64e5-cc65-363a81d0fed8,1612224000000,
167936,2021-04-26 21:45:15.260,2021-04-26 12:19:18.790,j9zBUHWfhn,com.sec.android.app.shealth,d68105e9-62bc-bd46-d28e-dadfbea98470,1619395200000,
2131968,2021-05-07 01:05:49.269,2021-05-06 12:33:28.104,j9zBUHWfhn,com.sec.android.app.shealth,93b3594b-80e0-98b1-2719-70bdfbb2d29f,1620259200000,
9043968,2021-05-24 03:19:13.298,2021-05-23 13:17:24.670,j9zBUHWfhn,com.sec.android.app.shealth,a4451d80-ecac-8f94-b7c5-63c660c7cee9,1621728000000,
2397184,2021-11-30 02:29:01.386,2021-11-29 05:00:02.691,j9zBUHWfhn,com.sec.android.app.shealth,fd7d589e-c1dd-145e-d2ea-747b0067f176,1638144000000,
167936,2021-07-19 21:22:08.241,2021-07-19 12:25:07.932,j9zBUHWfhn,com.sec.android.app.shealth,8bc695d4-167e-e559-bc12-d39f2fc4e6d4,1626652800000,
2532352,2020-10-16 01:51:39.126,2020-10-15 12:17:12.410,j9zBUHWfhn,com.sec.android.app.shealth,1a282c35-da23-2415-e2bc-a1338549b336,1602720000000,
1048576,2020-10-12 00:07:12.214,2020-10-11 13:05:28.776,j9zBUHWfhn,com.sec.android.app.shealth,9dd3cce5-a6d2-4673-ad32-fff4f334f196,1602374400000,
1310720,2021-10-24 00:46:54.226,2021-10-23 12:39:23.932,j9zBUHWfhn,com.sec.android.app.shealth,0a9b5547-b3f2-17e4-3dfd-db9fd64b9d98,1634947200000,
0,2021-07-21 10:56:59.228,2021-07-21 10:56:59.228,j9zBUHWfhn,com.sec.android.app.shealth,48594752-22f9-ac20-5b99-fb93e9253adc,1626825600000,
4411392,2021-11-23 03:34:10.226,2021-11-22 12:33:37.023,j9zBUHWfhn,com.sec.android.app.shealth,06d75dbe-38bf-0d06-bb97-37a47e32e1b6,1637539200000,
3473408,2020-10-24 01:36:14.232,2020-10-23 16:14:06.553,j9zBUHWfhn,com.sec.android.app.shealth,a3400617-07cd-1965-df2a-8dfe3205cbbc,1603411200000,
1380352,2020-12-27 01:03:53.250,2020-12-26 14:55:59.058,j9zBUHWfhn,com.sec.android.app.shealth,cb00b0c5-abbf-5da8-5111-bc778c5bd801,1608940800000,
3211264,2020-12-20 02:39:34.297,2020-12-19 16:33:52.852,j9zBUHWfhn,com.sec.android.app.shealth,aff26d3e-617e-9293-2856-6703186a7934,1608336000000,
446464,2021-07-29 02:43:49.290,2021-07-28 12:32:04.476,j9zBUHWfhn,com.sec.android.app.shealth,611309f7-b1de-15e6-99b5-3a7e824648bc,1627430400000,
3313664,2021-02-19 02:21:41.225,2021-02-18 13:18:32.136,j9zBUHWfhn,com.sec.android.app.shealth,2512f250-3674-04fc-36c1-7c1e919e74db,1613606400000,
75776,2021-11-29 04:07:12.519,2021-11-28 14:04:33.619,j9zBUHWfhn,com.sec.android.app.shealth,9ac809f3-5586-cb6b-bf87-48acba6091be,1638057600000,
172032,2020-10-18 21:42:40.261,2020-10-18 13:27:57.175,j9zBUHWfhn,com.sec.android.app.shealth,26d7cf7a-a0ab-ae9a-c1b1-3a7e9fb3d215,1602979200000,
167936,2021-10-07 21:59:38.246,2021-10-07 12:37:06.099,j9zBUHWfhn,com.sec.android.app.shealth,32f4e5bf-5320-5c68-59ef-b6ca7a4d3ded,1633564800000,
4379136,2021-05-18 02:19:20.262,2021-05-17 04:00:04.145,j9zBUHWfhn,com.sec.android.app.shealth,e645b792-350d-f9a6-8079-558298bc01cb,1621209600000,
2097154,2021-09-27 01:37:38.272,2021-09-26 04:00:02.596,j9zBUHWfhn,com.sec.android.app.shealth,cdaf6bd8-c4a4-7c1a-9114-1f6d43bd63be,1632614400000,
4194304,2020-10-23 02:43:04.227,2020-10-22 22:55:20.934,j9zBUHWfhn,com.sec.android.app.shealth,3ac882c3-a64f-9bb7-1aad-085fd936ae3b,1603324800000,
33792,2021-01-13 20:38:34.565,2021-01-13 13:10:54.428,j9zBUHWfhn,com.sec.android.app.shealth,99048c53-b1bc-ba03-da88-34310db7e38f,1610496000000,
10567680,2021-06-06 03:13:33.314,2021-06-05 13:47:08.769,j9zBUHWfhn,com.sec.android.app.shealth,26ec9dda-7547-624e-b4c3-69b34e01be23,1622851200000,
628736,2021-06-03 23:58:47.223,2021-06-03 04:00:04.708,j9zBUHWfhn,com.sec.android.app.shealth,2636c5b2-0ede-75c8-9bad-b00fc4cafdc2,1622678400000,
303104,2021-04-20 22:12:36.244,2021-04-20 11:55:30.517,j9zBUHWfhn,com.sec.android.app.shealth,9c8444b7-7223-b7fd-4e5f-6c07f08238ab,1618876800000,
6629376,2022-02-24 03:12:29.286,2022-02-23 12:56:41.587,j9zBUHWfhn,com.sec.android.app.shealth,5ade74b8-c548-2da8-fe7d-0e5298999686,1645574400000,
14729728,2021-10-02 03:35:25.307,2021-10-01 12:34:02.219,j9zBUHWfhn,com.sec.android.app.shealth,d9d4c790-97d7-744b-76e4-bf75ea215ef6,1633046400000,
6464512,2022-01-26 03:51:31.324,2022-01-25 13:10:21.396,j9zBUHWfhn,com.sec.android.app.shealth,b605dece-a8c9-c7d9-cab0-cc3286d7564b,1643068800000,
0,2021-02-26 13:03:59.838,2021-02-26 13:03:59.838,j9zBUHWfhn,com.sec.android.app.shealth,f5ebb79d-f4a8-8e34-69f5-ab4ef4836b1d,1614297600000,
1201664,2020-12-12 01:46:13.220,2020-12-11 12:35:13.320,j9zBUHWfhn,com.sec.android.app.shealth,b1c5b5e6-c5b4-cd15-6ef5-e140832e3d6e,1607644800000,
4473856,2021-03-31 02:03:17.215,2021-03-30 12:47:28.124,j9zBUHWfhn,com.sec.android.app.shealth,a1bc46b5-5d58-58ab-2565-d83f0b891d88,1617062400000,
3474432,2021-01-07 02:26:57.280,2021-01-06 12:33:33.182,j9zBUHWfhn,com.sec.android.app.shealth,e037d7db-99ec-1253-9680-6130918d23ba,1609891200000,
1064961,2021-05-30 00:12:33.333,2021-05-29 04:00:04.337,j9zBUHWfhn,com.sec.android.app.shealth,27e7fcd8-a46d-608e-4c14-ce098b679a1a,1622246400000,
0,2021-02-23 12:38:35.191,2021-02-23 12:38:35.191,j9zBUHWfhn,com.sec.android.app.shealth,6b005e24-1e2a-b97b-5b2a-94327c202f2e,1614038400000,
2097152,2020-11-27 02:04:53.253,2020-11-26 13:54:09.833,j9zBUHWfhn,com.sec.android.app.shealth,9cba11cb-83bc-7052-028b-76d915e1a4a8,1606348800000,
